# Twisted metal strip - parametric reconstruction
# 3 fold points top + 3 fold points bottom, alternating (closed skew hexagon)
# Each fold meets at an exact 90-degree interior angle
# 3-point cross-section (edge / recessed center ridge / edge)
o TwistedMetalStrip
v 1.050000 0.201231 -0.000000
v 1.005000 0.371231 -0.000000
v 1.050000 0.541231 0.000000
v 1.050587 0.201398 -0.004986
v 1.004913 0.370906 0.005308
v 1.049192 0.540584 0.018492
v 1.051260 0.201754 -0.008542
v 1.004646 0.370191 0.010975
v 1.047861 0.538802 0.036036
v 1.051928 0.202099 -0.010677
v 1.004192 0.369073 0.016998
v 1.046103 0.536103 0.052628
v 1.052519 0.202279 -0.011484
v 1.003545 0.367543 0.023364
v 1.043999 0.532664 0.068350
v 1.052978 0.202179 -0.011076
v 1.002703 0.365596 0.030058
v 1.041608 0.528619 0.083303
v 1.053268 0.201716 -0.009570
v 1.001664 0.363232 0.037064
v 1.038977 0.524069 0.097595
v 1.053363 0.200839 -0.007081
v 1.000427 0.360451 0.044365
v 1.036138 0.519089 0.111325
v 1.053244 0.199513 -0.003713
v 0.998993 0.357260 0.051945
v 1.033115 0.513732 0.124588
v 1.052902 0.197720 0.000439
v 0.997363 0.353663 0.059789
v 1.029924 0.508036 0.137467
v 1.052332 0.195454 0.005293
v 0.995541 0.349669 0.067882
v 1.026578 0.502028 0.150031
v 1.051533 0.192713 0.010776
v 0.993528 0.345286 0.076213
v 1.023085 0.495728 0.162343
v 1.050506 0.189505 0.016824
v 0.991327 0.340523 0.084769
v 1.019450 0.489152 0.174454
v 1.049253 0.185838 0.023383
v 0.988942 0.335390 0.093538
v 1.015678 0.482309 0.186408
v 1.047778 0.181723 0.030403
v 0.986376 0.329896 0.102510
v 1.011770 0.475209 0.198240
v 1.046086 0.177173 0.037845
v 0.983632 0.324052 0.111676
v 1.007731 0.467859 0.209980
v 1.044182 0.172203 0.045671
v 0.980713 0.317868 0.121026
v 1.003561 0.460265 0.221655
v 1.042070 0.166827 0.053848
v 0.977624 0.311355 0.130551
v 0.999262 0.452432 0.233283
v 1.039757 0.161058 0.062349
v 0.974367 0.304522 0.140243
v 0.994836 0.444367 0.244882
v 1.037247 0.154913 0.071148
v 0.970947 0.297381 0.150093
v 0.990284 0.436075 0.256465
v 1.034546 0.148406 0.080222
v 0.967367 0.289941 0.160095
v 0.985607 0.427561 0.268044
v 1.031659 0.141550 0.089551
v 0.963630 0.282214 0.170240
v 0.980807 0.418832 0.279627
v 1.028591 0.134360 0.099117
v 0.959740 0.274209 0.180521
v 0.975885 0.409892 0.291220
v 1.025347 0.126849 0.108902
v 0.955700 0.265938 0.190931
v 0.970843 0.400750 0.302830
v 1.021933 0.119033 0.118892
v 0.951515 0.257410 0.201463
v 0.965684 0.391410 0.314459
v 1.018353 0.110923 0.129071
v 0.947187 0.248636 0.212110
v 0.960408 0.381880 0.326110
v 1.014612 0.102533 0.139428
v 0.942720 0.239627 0.222865
v 0.955019 0.372167 0.337786
v 1.010714 0.093876 0.149948
v 0.938118 0.230392 0.233722
v 0.949517 0.362278 0.349485
v 1.006664 0.084964 0.160621
v 0.933384 0.220943 0.244674
v 0.943906 0.352221 0.361209
v 1.002467 0.075810 0.171436
v 0.928522 0.211289 0.255715
v 0.938188 0.342002 0.372956
v 0.998126 0.066427 0.182383
v 0.923535 0.201440 0.266838
v 0.932364 0.331631 0.384725
v 0.993646 0.056826 0.193451
v 0.918426 0.191408 0.278036
v 0.926438 0.321115 0.396514
v 0.989032 0.047019 0.204632
v 0.913200 0.181203 0.289305
v 0.920413 0.310462 0.408321
v 0.984286 0.037019 0.215916
v 0.907860 0.170834 0.300636
v 0.914290 0.299681 0.420144
v 0.979414 0.026835 0.227295
v 0.902409 0.160312 0.312025
v 0.908073 0.288781 0.431978
v 0.974419 0.016481 0.238760
v 0.896850 0.149648 0.323464
v 0.901765 0.277769 0.443820
v 0.969305 0.005967 0.250303
v 0.891188 0.138851 0.334948
v 0.895367 0.266656 0.455668
v 0.964076 -0.004695 0.261917
v 0.885425 0.127931 0.346470
v 0.888885 0.255449 0.467517
v 0.958736 -0.015495 0.273594
v 0.879566 0.116900 0.358025
v 0.882319 0.244158 0.479363
v 0.953288 -0.026421 0.285326
v 0.873613 0.105767 0.369605
v 0.875674 0.232792 0.491201
v 0.947737 -0.037463 0.297106
v 0.867570 0.094543 0.381206
v 0.868952 0.221360 0.503027
v 0.942085 -0.048610 0.308928
v 0.861441 0.083237 0.392821
v 0.862156 0.209872 0.514837
v 0.936336 -0.059850 0.320784
v 0.855228 0.071860 0.404443
v 0.855291 0.198337 0.526626
v 0.930494 -0.071175 0.332667
v 0.848937 0.060423 0.416068
v 0.848358 0.186765 0.538388
v 0.924562 -0.082572 0.344572
v 0.842569 0.048934 0.427688
v 0.841362 0.175165 0.550119
v 0.918543 -0.094031 0.356490
v 0.836128 0.037406 0.439298
v 0.834306 0.163547 0.561814
v 0.912442 -0.105543 0.368417
v 0.829619 0.025847 0.450891
v 0.827193 0.151920 0.573466
v 0.906261 -0.117097 0.380345
v 0.823044 0.014268 0.462462
v 0.820026 0.140295 0.585071
v 0.900003 -0.128682 0.392269
v 0.816407 0.002680 0.474005
v 0.812809 0.128682 0.596624
v 0.893673 -0.140289 0.404182
v 0.809711 -0.008908 0.485513
v 0.805546 0.117090 0.608118
v 0.887272 -0.151907 0.416079
v 0.802960 -0.020486 0.496980
v 0.798240 0.105530 0.619547
v 0.880804 -0.163527 0.427953
v 0.796158 -0.032042 0.508401
v 0.790895 0.094012 0.630907
v 0.874272 -0.175138 0.439798
v 0.789308 -0.043568 0.519770
v 0.783515 0.082545 0.642191
v 0.867679 -0.186730 0.451610
v 0.782412 -0.055052 0.531079
v 0.776103 0.071140 0.653393
v 0.861028 -0.198295 0.463382
v 0.775476 -0.066485 0.542324
v 0.768663 0.059808 0.664507
v 0.854322 -0.209822 0.475109
v 0.768503 -0.077855 0.553499
v 0.761200 0.048559 0.675527
v 0.847564 -0.221301 0.486785
v 0.761495 -0.089154 0.564596
v 0.753717 0.037404 0.686447
v 0.840755 -0.232723 0.498405
v 0.754457 -0.100371 0.575610
v 0.746218 0.026352 0.697259
v 0.833899 -0.244078 0.509964
v 0.747393 -0.111495 0.586536
v 0.738708 0.015415 0.707958
v 0.826999 -0.255358 0.521457
v 0.740305 -0.122516 0.597366
v 0.731190 0.004604 0.718537
v 0.820056 -0.266552 0.532879
v 0.733197 -0.133424 0.608095
v 0.723670 -0.006071 0.728989
v 0.813072 -0.277652 0.544225
v 0.726073 -0.144209 0.618717
v 0.716151 -0.016598 0.739308
v 0.806051 -0.288649 0.555491
v 0.718937 -0.154860 0.629225
v 0.708640 -0.026967 0.749485
v 0.798993 -0.299533 0.566671
v 0.711793 -0.165367 0.639614
v 0.701139 -0.037167 0.759515
v 0.791900 -0.310296 0.577762
v 0.704643 -0.175720 0.649877
v 0.693655 -0.047185 0.769388
v 0.784774 -0.320930 0.588760
v 0.697492 -0.185909 0.660007
v 0.686193 -0.057012 0.779099
v 0.777617 -0.331424 0.599660
v 0.690344 -0.195922 0.670000
v 0.678759 -0.066634 0.788639
v 0.770428 -0.341772 0.610459
v 0.683202 -0.205750 0.679847
v 0.671357 -0.076041 0.798000
v 0.763209 -0.351965 0.621154
v 0.676071 -0.215383 0.689544
v 0.663995 -0.085219 0.807174
v 0.755960 -0.361995 0.631742
v 0.668954 -0.224809 0.699084
v 0.656678 -0.094159 0.816152
v 0.748680 -0.371854 0.642219
v 0.661855 -0.234018 0.708459
v 0.649414 -0.102846 0.824924
v 0.741370 -0.381534 0.652584
v 0.654778 -0.243001 0.717665
v 0.642210 -0.111269 0.833483
v 0.734028 -0.391028 0.662835
v 0.647728 -0.251746 0.726694
v 0.635074 -0.119415 0.841817
v 0.726652 -0.400328 0.672969
v 0.640709 -0.260243 0.735539
v 0.628014 -0.127271 0.849916
v 0.719239 -0.409428 0.682987
v 0.633725 -0.268481 0.744194
v 0.621041 -0.134824 0.857771
v 0.711787 -0.418321 0.692889
v 0.626781 -0.276450 0.752652
v 0.614164 -0.142060 0.865368
v 0.704290 -0.427001 0.702674
v 0.619882 -0.284140 0.760906
v 0.607394 -0.148966 0.872697
v 0.696742 -0.435460 0.712344
v 0.613032 -0.291539 0.768950
v 0.600744 -0.155528 0.879743
v 0.689137 -0.443693 0.721901
v 0.606237 -0.298636 0.776775
v 0.594229 -0.161732 0.886493
v 0.681465 -0.451695 0.731349
v 0.599503 -0.305423 0.784374
v 0.587864 -0.167564 0.892931
v 0.673714 -0.459458 0.740693
v 0.592834 -0.311886 0.791741
v 0.581668 -0.173009 0.899042
v 0.665872 -0.466978 0.749939
v 0.586238 -0.318017 0.798867
v 0.575660 -0.178054 0.904807
v 0.657922 -0.474249 0.759093
v 0.579721 -0.323804 0.805743
v 0.569864 -0.182683 0.910207
v 0.649842 -0.481263 0.768168
v 0.573291 -0.329238 0.812363
v 0.564307 -0.186884 0.915220
v 0.641608 -0.488014 0.777172
v 0.566956 -0.334307 0.818716
v 0.559021 -0.190642 0.919823
v 0.633191 -0.494494 0.786122
v 0.560724 -0.339002 0.824795
v 0.554043 -0.193948 0.923991
v 0.624554 -0.500690 0.795032
v 0.554605 -0.343313 0.830589
v 0.549416 -0.196791 0.927695
v 0.615653 -0.506591 0.803923
v 0.548610 -0.347231 0.836090
v 0.545190 -0.199165 0.930905
v 0.606437 -0.512176 0.812814
v 0.542753 -0.350749 0.841287
v 0.541424 -0.201069 0.933587
v 0.596842 -0.517420 0.821731
v 0.537046 -0.353859 0.846171
v 0.538187 -0.202509 0.935708
v 0.586795 -0.522287 0.830696
v 0.531505 -0.356556 0.850730
v 0.535559 -0.203499 0.937229
v 0.576211 -0.526728 0.839735
v 0.526148 -0.358838 0.854955
v 0.533633 -0.204070 0.938116
v 0.564993 -0.530674 0.848868
v 0.520993 -0.360705 0.858838
v 0.532513 -0.204269 0.938337
v 0.553035 -0.534032 0.858107
v 0.516060 -0.362161 0.862369
v 0.532311 -0.204170 0.937866
v 0.540227 -0.536678 0.867452
v 0.511369 -0.363217 0.865545
v 0.533143 -0.203878 0.936693
v 0.526466 -0.538447 0.876878
v 0.506939 -0.363887 0.868364
v 0.535120 -0.203535 0.934831
v 0.511709 -0.539140 0.886305
v 0.502777 -0.364194 0.870835
v 0.538291 -0.203322 0.932348
v 0.496632 -0.538605 0.895265
v 0.498520 -0.364154 0.873176
v 0.541561 -0.203377 0.929949
v 0.481985 -0.536986 0.903399
v 0.493800 -0.363746 0.875589
v 0.543766 -0.203570 0.928239
v 0.467824 -0.534477 0.910776
v 0.488617 -0.362948 0.878060
v 0.544861 -0.203725 0.927148
v 0.454129 -0.531240 0.917490
v 0.482986 -0.361743 0.880571
v 0.544883 -0.203702 0.926581
v 0.440854 -0.527399 0.923632
v 0.476923 -0.360122 0.883105
v 0.543889 -0.203399 0.926447
v 0.427941 -0.523045 0.929283
v 0.470449 -0.358079 0.885647
v 0.541951 -0.202741 0.926667
v 0.415330 -0.518249 0.934514
v 0.463582 -0.355614 0.888184
v 0.539142 -0.201679 0.927168
v 0.402963 -0.513061 0.939385
v 0.456343 -0.352731 0.890705
v 0.535536 -0.200184 0.927892
v 0.390785 -0.507518 0.943945
v 0.448749 -0.349435 0.893201
v 0.531199 -0.198238 0.928789
v 0.378748 -0.501647 0.948234
v 0.440818 -0.345734 0.895665
v 0.526193 -0.195835 0.929817
v 0.366810 -0.495467 0.952288
v 0.432565 -0.341636 0.898090
v 0.520573 -0.192975 0.930944
v 0.354936 -0.488994 0.956132
v 0.424005 -0.337151 0.900471
v 0.514390 -0.189663 0.932141
v 0.343095 -0.482239 0.959791
v 0.415153 -0.332288 0.902805
v 0.507687 -0.185908 0.933386
v 0.331261 -0.475212 0.963282
v 0.406019 -0.327058 0.905088
v 0.500503 -0.181719 0.934661
v 0.319413 -0.467921 0.966621
v 0.396618 -0.321472 0.907317
v 0.492873 -0.177111 0.935949
v 0.307533 -0.460373 0.969821
v 0.386959 -0.315540 0.909490
v 0.484828 -0.172095 0.937239
v 0.295607 -0.452575 0.972892
v 0.377054 -0.309273 0.911606
v 0.476397 -0.166684 0.938519
v 0.283623 -0.444532 0.975843
v 0.366913 -0.302682 0.913661
v 0.467604 -0.160894 0.939782
v 0.271573 -0.436251 0.978680
v 0.356545 -0.295779 0.915656
v 0.458471 -0.154737 0.941019
v 0.259448 -0.427739 0.981411
v 0.345960 -0.288572 0.917589
v 0.449020 -0.148227 0.942225
v 0.247245 -0.419002 0.984040
v 0.335168 -0.281075 0.919460
v 0.439270 -0.141379 0.943395
v 0.234959 -0.410046 0.986572
v 0.324175 -0.273296 0.921266
v 0.429237 -0.134206 0.944523
v 0.222587 -0.400879 0.989010
v 0.312992 -0.265248 0.923009
v 0.418938 -0.126720 0.945608
v 0.210129 -0.391506 0.991358
v 0.301627 -0.256940 0.924686
v 0.408387 -0.118936 0.946645
v 0.197583 -0.381936 0.993618
v 0.290087 -0.248384 0.926299
v 0.397599 -0.110867 0.947631
v 0.184950 -0.372176 0.995792
v 0.278381 -0.239590 0.927845
v 0.386587 -0.102524 0.948565
v 0.172231 -0.362233 0.997882
v 0.266516 -0.230569 0.929326
v 0.375363 -0.093921 0.949445
v 0.159429 -0.352115 0.999891
v 0.254501 -0.221331 0.930741
v 0.363938 -0.085070 0.950268
v 0.146544 -0.341830 1.001819
v 0.242342 -0.211886 0.932089
v 0.352325 -0.075982 0.951033
v 0.133581 -0.331387 1.003668
v 0.230048 -0.202246 0.933370
v 0.340534 -0.066671 0.951740
v 0.120543 -0.320793 1.005439
v 0.217626 -0.192421 0.934584
v 0.328574 -0.057148 0.952386
v 0.107432 -0.310057 1.007133
v 0.205083 -0.182420 0.935731
v 0.316457 -0.047425 0.952972
v 0.094253 -0.299187 1.008750
v 0.192428 -0.172256 0.936810
v 0.304191 -0.037513 0.953495
v 0.081011 -0.288192 1.010293
v 0.179666 -0.161937 0.937823
v 0.291786 -0.027424 0.953956
v 0.067709 -0.277082 1.011760
v 0.166805 -0.151475 0.938767
v 0.279251 -0.017169 0.954353
v 0.054353 -0.265864 1.013154
v 0.153854 -0.140880 0.939645
v 0.266594 -0.006759 0.954686
v 0.040947 -0.254548 1.014474
v 0.140818 -0.130161 0.940454
v 0.253825 0.003794 0.954955
v 0.027497 -0.243143 1.015720
v 0.127705 -0.119330 0.941196
v 0.240951 0.014480 0.955158
v 0.014008 -0.231658 1.016894
v 0.114522 -0.108398 0.941870
v 0.227981 0.025288 0.955297
v 0.000485 -0.220103 1.017996
v 0.101277 -0.097373 0.942475
v 0.214923 0.036206 0.955369
v -0.013066 -0.208486 1.019026
v 0.087976 -0.086266 0.943014
v 0.201785 0.047224 0.955375
v -0.026639 -0.196818 1.019984
v 0.074626 -0.075089 0.943484
v 0.188574 0.058331 0.955315
v -0.040229 -0.185107 1.020871
v 0.061236 -0.063850 0.943886
v 0.175299 0.069517 0.955188
v -0.053829 -0.173364 1.021686
v 0.047811 -0.052561 0.944220
v 0.161966 0.080771 0.954994
v -0.067433 -0.161598 1.022431
v 0.034359 -0.041232 0.944486
v 0.148583 0.092083 0.954733
v -0.081035 -0.149818 1.023105
v 0.020887 -0.029873 0.944684
v 0.135158 0.103441 0.954404
v -0.094630 -0.138035 1.023709
v 0.007402 -0.018494 0.944814
v 0.121698 0.114837 0.954007
v -0.108209 -0.126258 1.024243
v -0.006089 -0.007105 0.944876
v 0.108209 0.126258 0.953542
v -0.121768 -0.114497 1.024707
v -0.019579 0.004282 0.944870
v 0.094700 0.137696 0.953009
v -0.135299 -0.102762 1.025101
v -0.033061 0.015659 0.944797
v 0.081176 0.149139 0.952408
v -0.148795 -0.091063 1.025426
v -0.046527 0.027014 0.944655
v 0.067645 0.160578 0.951738
v -0.162251 -0.079410 1.025681
v -0.059971 0.038337 0.944445
v 0.054114 0.172003 0.950999
v -0.175659 -0.067813 1.025868
v -0.073385 0.049617 0.944167
v 0.040590 0.183403 0.950191
v -0.189013 -0.056282 1.025985
v -0.086762 0.060846 0.943821
v 0.027078 0.194768 0.949314
v -0.202305 -0.044827 1.026034
v -0.100096 0.072011 0.943408
v 0.013586 0.206089 0.948367
v -0.215528 -0.033459 1.026014
v -0.113378 0.083104 0.942927
v 0.000120 0.217356 0.947351
v -0.228676 -0.022187 1.025926
v -0.126602 0.094113 0.942378
v -0.013313 0.228558 0.946265
v -0.241740 -0.011023 1.025770
v -0.139761 0.105028 0.941761
v -0.026708 0.239686 0.945108
v -0.254714 0.000024 1.025547
v -0.152847 0.115838 0.941077
v -0.040058 0.250730 0.943881
v -0.267590 0.010943 1.025256
v -0.165853 0.126534 0.940326
v -0.053357 0.261680 0.942584
v -0.280361 0.021723 1.024898
v -0.178772 0.137105 0.939507
v -0.066599 0.272527 0.941215
v -0.293019 0.032354 1.024474
v -0.191596 0.147540 0.938621
v -0.079778 0.283262 0.939775
v -0.305555 0.042826 1.023983
v -0.204318 0.157829 0.937668
v -0.092889 0.293874 0.938263
v -0.317962 0.053127 1.023426
v -0.216931 0.167962 0.936648
v -0.105927 0.304355 0.936678
v -0.330232 0.063247 1.022804
v -0.229426 0.177928 0.935561
v -0.118885 0.314695 0.935021
v -0.342357 0.073174 1.022117
v -0.241797 0.187715 0.934408
v -0.131758 0.324884 0.933290
v -0.354327 0.082898 1.021367
v -0.254035 0.197315 0.933189
v -0.144543 0.334914 0.931485
v -0.366134 0.092409 1.020552
v -0.266133 0.206716 0.931903
v -0.157233 0.344776 0.929606
v -0.377768 0.101693 1.019676
v -0.278082 0.215907 0.930553
v -0.169826 0.354461 0.927651
v -0.389221 0.110741 1.018737
v -0.289876 0.224878 0.929137
v -0.182316 0.363959 0.925619
v -0.400482 0.119541 1.017739
v -0.301505 0.233618 0.927656
v -0.194700 0.373262 0.923510
v -0.411541 0.128081 1.016681
v -0.312961 0.242116 0.926111
v -0.206974 0.382362 0.921322
v -0.422388 0.136349 1.015565
v -0.324236 0.250362 0.924503
v -0.219136 0.391250 0.919053
v -0.433012 0.144335 1.014393
v -0.335321 0.258344 0.922832
v -0.231184 0.399917 0.916703
v -0.443399 0.152025 1.013167
v -0.346206 0.266051 0.921099
v -0.243116 0.408356 0.914268
v -0.453539 0.159409 1.011890
v -0.356883 0.273472 0.919304
v -0.254930 0.416558 0.911746
v -0.463417 0.166473 1.010564
v -0.367341 0.280597 0.917450
v -0.266627 0.424516 0.909136
v -0.473019 0.173205 1.009192
v -0.377571 0.287414 0.915538
v -0.278208 0.432221 0.906433
v -0.482330 0.179594 1.007778
v -0.387562 0.293912 0.913569
v -0.289673 0.439665 0.903633
v -0.491333 0.185626 1.006327
v -0.397302 0.300079 0.911545
v -0.301028 0.446842 0.900733
v -0.500010 0.191290 1.004845
v -0.406781 0.305905 0.909468
v -0.312275 0.453742 0.897726
v -0.508341 0.196574 1.003338
v -0.415984 0.311378 0.907342
v -0.323422 0.460358 0.894605
v -0.516304 0.201465 1.001814
v -0.424900 0.316488 0.905170
v -0.334478 0.466682 0.891363
v -0.523874 0.205953 1.000283
v -0.433512 0.321223 0.902956
v -0.345453 0.472704 0.887990
v -0.531024 0.210027 0.998757
v -0.441806 0.325573 0.900705
v -0.356360 0.478415 0.884475
v -0.537724 0.213679 0.997250
v -0.449764 0.329529 0.898423
v -0.367216 0.483803 0.880801
v -0.543941 0.216902 0.995780
v -0.457368 0.333081 0.896118
v -0.378042 0.488854 0.876953
v -0.549637 0.219693 0.994369
v -0.464597 0.336222 0.893799
v -0.388861 0.493552 0.872908
v -0.554771 0.222053 0.993041
v -0.471429 0.338946 0.891477
v -0.399701 0.497875 0.868641
v -0.559299 0.223989 0.991829
v -0.477841 0.341250 0.889167
v -0.410592 0.501796 0.864121
v -0.563174 0.225518 0.990770
v -0.483807 0.343134 0.886883
v -0.421569 0.505279 0.859309
v -0.566346 0.226668 0.989909
v -0.489301 0.344604 0.884646
v -0.432666 0.508275 0.854161
v -0.568770 0.227483 0.989297
v -0.494298 0.345672 0.882479
v -0.443915 0.510719 0.848626
v -0.570409 0.228025 0.988990
v -0.498776 0.346359 0.880406
v -0.455341 0.512531 0.842648
v -0.571240 0.228380 0.989048
v -0.502719 0.346696 0.878453
v -0.466953 0.513602 0.836167
v -0.571294 0.228657 0.989511
v -0.506130 0.346722 0.876643
v -0.478706 0.513805 0.829143
v -0.571404 0.228933 0.989940
v -0.509468 0.346470 0.874727
v -0.490182 0.513049 0.821770
v -0.572354 0.229119 0.989834
v -0.513177 0.345909 0.872432
v -0.501016 0.511436 0.814311
v -0.574105 0.229099 0.989153
v -0.517246 0.345001 0.869744
v -0.511241 0.509104 0.806820
v -0.576579 0.228782 0.987894
v -0.521645 0.343716 0.866661
v -0.520927 0.506161 0.799311
v -0.579695 0.228104 0.986068
v -0.526344 0.342033 0.863190
v -0.530150 0.502693 0.791784
v -0.583374 0.227022 0.983694
v -0.531313 0.339940 0.859340
v -0.538980 0.498764 0.784231
v -0.587546 0.225508 0.980799
v -0.536523 0.337432 0.855122
v -0.547482 0.494420 0.776639
v -0.592148 0.223548 0.977409
v -0.541949 0.334506 0.850550
v -0.555712 0.489697 0.768992
v -0.597124 0.221137 0.973552
v -0.547568 0.331167 0.845636
v -0.563720 0.484619 0.761276
v -0.602427 0.218274 0.969252
v -0.553360 0.327420 0.840393
v -0.571544 0.479208 0.753475
v -0.608017 0.214965 0.964535
v -0.559307 0.323271 0.834835
v -0.579218 0.473477 0.745578
v -0.613859 0.211218 0.959423
v -0.565394 0.318730 0.828972
v -0.586771 0.467438 0.737573
v -0.619923 0.207044 0.953937
v -0.571608 0.313806 0.822817
v -0.594226 0.461102 0.729451
v -0.626185 0.202454 0.948096
v -0.577936 0.308509 0.816379
v -0.601600 0.454477 0.721204
v -0.632622 0.197461 0.941918
v -0.584367 0.302850 0.809670
v -0.608910 0.447571 0.712827
v -0.639215 0.192077 0.935419
v -0.590893 0.296840 0.802699
v -0.616167 0.440391 0.704316
v -0.645948 0.186315 0.928615
v -0.597504 0.290489 0.795475
v -0.623381 0.432944 0.695666
v -0.652806 0.180189 0.921518
v -0.604193 0.283808 0.788008
v -0.630560 0.425237 0.686876
v -0.659776 0.173711 0.914142
v -0.610952 0.276809 0.780306
v -0.637710 0.417277 0.677945
v -0.666847 0.166895 0.906498
v -0.617775 0.269503 0.772376
v -0.644837 0.409072 0.668872
v -0.674007 0.159753 0.898599
v -0.624655 0.261900 0.764228
v -0.651943 0.400628 0.659658
v -0.681249 0.152299 0.890454
v -0.631587 0.254012 0.755869
v -0.659031 0.391953 0.650304
v -0.688563 0.144544 0.882074
v -0.638566 0.245849 0.747306
v -0.666103 0.383055 0.640812
v -0.695941 0.136501 0.873469
v -0.645585 0.237423 0.738547
v -0.673160 0.373942 0.631183
v -0.703377 0.128181 0.864646
v -0.652640 0.228744 0.729598
v -0.680203 0.364622 0.621420
v -0.710863 0.119598 0.855616
v -0.659727 0.219823 0.720468
v -0.687231 0.355102 0.611527
v -0.718393 0.110763 0.846387
v -0.666840 0.210671 0.711163
v -0.694244 0.345391 0.601507
v -0.725961 0.101686 0.836966
v -0.673975 0.201298 0.701689
v -0.701242 0.335498 0.591362
v -0.733562 0.092381 0.827361
v -0.681128 0.191716 0.692053
v -0.708222 0.325432 0.581098
v -0.741191 0.082858 0.817581
v -0.688294 0.181934 0.682263
v -0.715185 0.315200 0.570718
v -0.748841 0.073129 0.807632
v -0.695470 0.171964 0.672324
v -0.722127 0.304812 0.560227
v -0.756508 0.063204 0.797522
v -0.702651 0.161815 0.662244
v -0.729047 0.294277 0.549629
v -0.764189 0.053095 0.787258
v -0.709834 0.151499 0.652027
v -0.735944 0.283605 0.538928
v -0.771877 0.042813 0.776846
v -0.717014 0.141026 0.641682
v -0.742814 0.272803 0.528130
v -0.779568 0.032368 0.766294
v -0.724188 0.130406 0.631214
v -0.749656 0.261882 0.517239
v -0.787259 0.021771 0.755608
v -0.731351 0.119649 0.620629
v -0.756467 0.250852 0.506261
v -0.794945 0.011033 0.744794
v -0.738501 0.108767 0.609934
v -0.763244 0.239720 0.495200
v -0.802622 0.000164 0.733860
v -0.745632 0.097769 0.599135
v -0.769985 0.228498 0.484063
v -0.810285 -0.010824 0.722811
v -0.752743 0.086665 0.588239
v -0.776688 0.217195 0.472854
v -0.817932 -0.021923 0.711653
v -0.759828 0.075467 0.577250
v -0.783348 0.205820 0.461579
v -0.825558 -0.033121 0.700393
v -0.766884 0.064184 0.566176
v -0.789964 0.194383 0.450243
v -0.833160 -0.044408 0.689036
v -0.773908 0.052827 0.555023
v -0.796532 0.182895 0.438853
v -0.840733 -0.055774 0.677589
v -0.780896 0.041405 0.543796
v -0.803049 0.171364 0.427414
v -0.848275 -0.067209 0.666058
v -0.787845 0.029930 0.532502
v -0.809512 0.159802 0.415931
v -0.855781 -0.078703 0.654448
v -0.794750 0.018411 0.521147
v -0.815919 0.148218 0.404412
v -0.863247 -0.090245 0.642765
v -0.801608 0.006859 0.509737
v -0.822264 0.136622 0.392861
v -0.870672 -0.101826 0.631014
v -0.808417 -0.004716 0.498277
v -0.828547 0.125024 0.381286
v -0.878050 -0.113435 0.619202
v -0.815171 -0.016305 0.486775
v -0.834762 0.113435 0.369691
v -0.885379 -0.125064 0.607333
v -0.821869 -0.027896 0.475236
v -0.840908 0.101865 0.358084
v -0.892655 -0.136702 0.595413
v -0.828505 -0.039479 0.463665
v -0.846979 0.090325 0.346470
v -0.899875 -0.148339 0.583447
v -0.835078 -0.051045 0.452069
v -0.852974 0.078824 0.334857
v -0.907036 -0.159966 0.571441
v -0.841582 -0.062583 0.440455
v -0.858888 0.067373 0.323250
v -0.914134 -0.171573 0.559399
v -0.848016 -0.074083 0.428827
v -0.864718 0.055983 0.311657
v -0.921166 -0.183151 0.547326
v -0.854375 -0.085535 0.417192
v -0.870461 0.044665 0.300084
v -0.928129 -0.194690 0.535228
v -0.860655 -0.096928 0.405556
v -0.876112 0.033428 0.288537
v -0.935020 -0.206182 0.523108
v -0.866854 -0.108254 0.393924
v -0.881669 0.022285 0.277025
v -0.941835 -0.217615 0.510972
v -0.872968 -0.119500 0.382303
v -0.887127 0.011245 0.265554
v -0.948573 -0.228983 0.498824
v -0.878994 -0.130658 0.370699
v -0.892482 0.000320 0.254132
v -0.955229 -0.240274 0.486668
v -0.884927 -0.141717 0.359118
v -0.897732 -0.010479 0.242766
v -0.961801 -0.251481 0.474508
v -0.890766 -0.152667 0.347565
v -0.902872 -0.021142 0.231463
v -0.968286 -0.262595 0.462348
v -0.896505 -0.163497 0.336046
v -0.907898 -0.031656 0.220232
v -0.974681 -0.273606 0.450192
v -0.902143 -0.174199 0.324568
v -0.912806 -0.042010 0.209080
v -0.980983 -0.284506 0.438043
v -0.907674 -0.184761 0.313136
v -0.917593 -0.052194 0.198017
v -0.987190 -0.295287 0.425903
v -0.913097 -0.195174 0.301757
v -0.922254 -0.062194 0.187050
v -0.993299 -0.305941 0.413777
v -0.918407 -0.205427 0.290435
v -0.926785 -0.072001 0.176189
v -0.999308 -0.316458 0.401665
v -0.923601 -0.215511 0.279178
v -0.931183 -0.081600 0.165443
v -1.005213 -0.326831 0.389571
v -0.928676 -0.225415 0.267990
v -0.935441 -0.090982 0.154822
v -1.011013 -0.337052 0.377494
v -0.933629 -0.235129 0.256878
v -0.939557 -0.100132 0.144336
v -1.016705 -0.347114 0.365437
v -0.938455 -0.244643 0.245848
v -0.943526 -0.109040 0.133996
v -1.022287 -0.357009 0.353400
v -0.943152 -0.253947 0.234906
v -0.947343 -0.117691 0.123813
v -1.027757 -0.366730 0.341382
v -0.947716 -0.263032 0.224057
v -0.951004 -0.126073 0.113800
v -1.033113 -0.376269 0.329382
v -0.952144 -0.271886 0.213308
v -0.954504 -0.134174 0.103969
v -1.038353 -0.385620 0.317397
v -0.956432 -0.280500 0.202663
v -0.957838 -0.141979 0.094335
v -1.043475 -0.394777 0.305425
v -0.960577 -0.288864 0.192130
v -0.961001 -0.149475 0.084913
v -1.048477 -0.403732 0.293460
v -0.964576 -0.296968 0.181714
v -0.963988 -0.156649 0.075718
v -1.053358 -0.412481 0.281496
v -0.968425 -0.304802 0.171421
v -0.966794 -0.163485 0.066770
v -1.058117 -0.421018 0.269527
v -0.972122 -0.312356 0.161257
v -0.969414 -0.169970 0.058087
v -1.062751 -0.429336 0.257540
v -0.975661 -0.319619 0.151227
v -0.971842 -0.176089 0.049691
v -1.067260 -0.437431 0.245525
v -0.979042 -0.326583 0.141337
v -0.974072 -0.181828 0.041606
v -1.071643 -0.445297 0.233465
v -0.982259 -0.333236 0.131594
v -0.976100 -0.187170 0.033860
v -1.075897 -0.452929 0.221342
v -0.985309 -0.339570 0.122002
v -0.977920 -0.192103 0.026483
v -1.080022 -0.460321 0.209134
v -0.988190 -0.345574 0.112568
v -0.979527 -0.196611 0.019509
v -1.084015 -0.467467 0.196812
v -0.990898 -0.351238 0.103297
v -0.980915 -0.200680 0.012978
v -1.087875 -0.474359 0.184344
v -0.993430 -0.356553 0.094196
v -0.982081 -0.204297 0.006934
v -1.091598 -0.480989 0.171690
v -0.995782 -0.361508 0.085268
v -0.983020 -0.207453 0.001429
v -1.095179 -0.487345 0.158802
v -0.997952 -0.366095 0.076521
v -0.983731 -0.210137 -0.003478
v -1.098613 -0.493411 0.145625
v -0.999936 -0.370303 0.067959
v -0.984213 -0.212345 -0.007719
v -1.101891 -0.499166 0.132092
v -1.001730 -0.374122 0.059587
v -0.984468 -0.214079 -0.011217
v -1.104999 -0.504579 0.118126
v -1.003332 -0.377544 0.051411
v -0.984502 -0.215349 -0.013882
v -1.107919 -0.509610 0.103638
v -1.004739 -0.380558 0.043435
v -0.984326 -0.216176 -0.015614
v -1.110626 -0.514200 0.088528
v -1.005947 -0.383155 0.035664
v -0.983961 -0.216598 -0.016301
v -1.113082 -0.518267 0.072687
v -1.006953 -0.385325 0.028101
v -0.983435 -0.216676 -0.015822
v -1.115240 -0.521703 0.056003
v -1.007754 -0.387059 0.020750
v -0.982791 -0.216499 -0.014052
v -1.117032 -0.524360 0.038367
v -1.008347 -0.388346 0.013615
v -0.982089 -0.216195 -0.010874
v -1.118372 -0.526048 0.019697
v -1.008727 -0.389176 0.006697
v -0.981407 -0.215934 -0.006191
v -1.119155 -0.526529 -0.000000
v -1.008892 -0.389537 0.000000
v -0.980845 -0.215933 0.000000
v -1.119304 -0.525633 -0.019698
v -1.008837 -0.389421 -0.006718
v -0.980475 -0.216349 0.006192
v -1.118895 -0.523530 -0.038372
v -1.008564 -0.388834 -0.013693
v -0.980225 -0.217025 0.010878
v -1.118035 -0.520458 -0.056012
v -1.008077 -0.387783 -0.020917
v -0.979996 -0.217745 0.014062
v -1.116808 -0.516606 -0.072705
v -1.007377 -0.386278 -0.028382
v -0.979709 -0.218337 0.015839
v -1.115282 -0.512121 -0.088556
v -1.006469 -0.384328 -0.036080
v -0.979305 -0.218677 0.016328
v -1.113506 -0.507113 -0.103678
v -1.005355 -0.381944 -0.044003
v -0.978740 -0.218672 0.015654
v -1.111515 -0.501664 -0.118181
v -1.004038 -0.379136 -0.052145
v -0.977985 -0.218265 0.013937
v -1.109336 -0.495830 -0.132164
v -1.002523 -0.375912 -0.060498
v -0.977023 -0.217415 0.011288
v -1.106987 -0.489653 -0.145716
v -1.000813 -0.372285 -0.069056
v -0.975840 -0.216102 0.007810
v -1.104480 -0.483165 -0.158915
v -0.998911 -0.368263 -0.077811
v -0.974430 -0.214317 0.003590
v -1.101826 -0.476385 -0.171826
v -0.996820 -0.363858 -0.086757
v -0.972793 -0.212057 -0.001293
v -1.099029 -0.469329 -0.184506
v -0.994545 -0.359079 -0.095888
v -0.970927 -0.209328 -0.006772
v -1.096094 -0.462009 -0.197003
v -0.992088 -0.353937 -0.105198
v -0.968837 -0.206138 -0.012787
v -1.093024 -0.454434 -0.209355
v -0.989453 -0.348442 -0.114680
v -0.966524 -0.202498 -0.019288
v -1.089823 -0.446611 -0.221597
v -0.986643 -0.342603 -0.124328
v -0.963995 -0.198421 -0.026229
v -1.086490 -0.438547 -0.233755
v -0.983662 -0.336432 -0.134135
v -0.961253 -0.193921 -0.033570
v -1.083029 -0.430246 -0.245852
v -0.980514 -0.329939 -0.144097
v -0.958304 -0.189013 -0.041279
v -1.079439 -0.421715 -0.257907
v -0.977201 -0.323133 -0.154206
v -0.955154 -0.183711 -0.049323
v -1.075723 -0.412958 -0.269936
v -0.973727 -0.316026 -0.164456
v -0.951807 -0.178030 -0.057677
v -1.071882 -0.403981 -0.281951
v -0.970096 -0.308626 -0.174843
v -0.948271 -0.171986 -0.066315
v -1.067917 -0.394789 -0.293961
v -0.966312 -0.300944 -0.185358
v -0.944549 -0.165592 -0.075217
v -1.063829 -0.385388 -0.305976
v -0.962376 -0.292991 -0.195998
v -0.940647 -0.158864 -0.084361
v -1.059620 -0.375784 -0.318001
v -0.958294 -0.284777 -0.206755
v -0.936571 -0.151815 -0.093731
v -1.055292 -0.365983 -0.330041
v -0.954068 -0.276311 -0.217623
v -0.932325 -0.144460 -0.103310
v -1.050846 -0.355991 -0.342099
v -0.949702 -0.267604 -0.228598
v -0.927915 -0.136812 -0.113083
v -1.046285 -0.345815 -0.354178
v -0.945199 -0.258667 -0.239672
v -0.923346 -0.128885 -0.123035
v -1.041609 -0.335462 -0.366279
v -0.940563 -0.249508 -0.250839
v -0.918622 -0.120691 -0.133154
v -1.036822 -0.324940 -0.378403
v -0.935796 -0.240139 -0.262095
v -0.913748 -0.112245 -0.143427
v -1.031925 -0.314255 -0.390549
v -0.930904 -0.230569 -0.273432
v -0.908729 -0.103558 -0.153843
v -1.026920 -0.303415 -0.402717
v -0.925888 -0.220809 -0.284845
v -0.903570 -0.094644 -0.164391
v -1.021811 -0.292427 -0.414905
v -0.920753 -0.210869 -0.296328
v -0.898274 -0.085514 -0.175061
v -1.016599 -0.281301 -0.427112
v -0.915501 -0.200759 -0.307875
v -0.892846 -0.076181 -0.185842
v -1.011286 -0.270043 -0.439335
v -0.910137 -0.190488 -0.319480
v -0.887290 -0.066657 -0.196725
v -1.005876 -0.258662 -0.451571
v -0.904664 -0.180068 -0.331138
v -0.881611 -0.056955 -0.207701
v -1.000370 -0.247166 -0.463819
v -0.899085 -0.169509 -0.342841
v -0.875813 -0.047084 -0.218762
v -0.994772 -0.235564 -0.476074
v -0.893403 -0.158820 -0.354585
v -0.869900 -0.037059 -0.229898
v -0.989085 -0.223864 -0.488333
v -0.887623 -0.148012 -0.366362
v -0.863876 -0.026889 -0.241101
v -0.983310 -0.212076 -0.500593
v -0.881746 -0.137095 -0.378168
v -0.857745 -0.016587 -0.252364
v -0.977451 -0.200207 -0.512849
v -0.875778 -0.126078 -0.389997
v -0.851511 -0.006163 -0.263678
v -0.971510 -0.188267 -0.525098
v -0.869722 -0.114973 -0.401842
v -0.845178 0.004370 -0.275036
v -0.965491 -0.176265 -0.537336
v -0.863580 -0.103790 -0.413697
v -0.838750 0.015002 -0.286430
v -0.959396 -0.164209 -0.549557
v -0.857356 -0.092538 -0.425556
v -0.832231 0.025722 -0.297853
v -0.953228 -0.152109 -0.561758
v -0.851055 -0.081228 -0.437414
v -0.825624 0.036519 -0.309297
v -0.946990 -0.139974 -0.573935
v -0.844679 -0.069870 -0.449264
v -0.818934 0.047381 -0.320756
v -0.940686 -0.127814 -0.586081
v -0.838231 -0.058474 -0.461101
v -0.812163 0.058299 -0.332223
v -0.934318 -0.115637 -0.598193
v -0.831716 -0.047050 -0.472918
v -0.805317 0.069260 -0.343690
v -0.927889 -0.103452 -0.610266
v -0.825137 -0.035609 -0.484710
v -0.798398 0.080254 -0.355150
v -0.921402 -0.091270 -0.622295
v -0.818497 -0.024161 -0.496470
v -0.791411 0.091270 -0.366597
v -0.914860 -0.079100 -0.634275
v -0.811800 -0.012716 -0.508193
v -0.784359 0.102298 -0.378025
v -0.908267 -0.066950 -0.646201
v -0.805049 -0.001285 -0.519871
v -0.777245 0.113327 -0.389426
v -0.901625 -0.054831 -0.658067
v -0.798248 0.010124 -0.531500
v -0.770074 0.124346 -0.400793
v -0.894938 -0.042752 -0.669869
v -0.791401 0.021498 -0.543073
v -0.762849 0.135345 -0.412121
v -0.888208 -0.030723 -0.681601
v -0.784511 0.032828 -0.554585
v -0.755574 0.146313 -0.423402
v -0.881439 -0.018753 -0.693258
v -0.777581 0.044104 -0.566028
v -0.748252 0.157240 -0.434631
v -0.874635 -0.006852 -0.704835
v -0.770616 0.055315 -0.577397
v -0.740888 0.168114 -0.445801
v -0.867797 0.004971 -0.716327
v -0.763619 0.066451 -0.588686
v -0.733483 0.178926 -0.456905
v -0.860930 0.016706 -0.727727
v -0.756593 0.077501 -0.599888
v -0.726043 0.189664 -0.467937
v -0.854036 0.028343 -0.739032
v -0.749543 0.088456 -0.610998
v -0.718571 0.200320 -0.478891
v -0.847119 0.039873 -0.750234
v -0.742472 0.099305 -0.622009
v -0.711070 0.210881 -0.489760
v -0.840182 0.051285 -0.761330
v -0.735383 0.110037 -0.632915
v -0.703544 0.221338 -0.500538
v -0.833227 0.062571 -0.772313
v -0.728282 0.120642 -0.643709
v -0.695997 0.231679 -0.511219
v -0.826259 0.073720 -0.783179
v -0.721170 0.131110 -0.654385
v -0.688431 0.241896 -0.521797
v -0.819281 0.084723 -0.793920
v -0.714053 0.141430 -0.664938
v -0.680851 0.251977 -0.532265
v -0.812295 0.095570 -0.804533
v -0.706935 0.151591 -0.675359
v -0.673261 0.261912 -0.542617
v -0.805304 0.106251 -0.815012
v -0.699819 0.161584 -0.685644
v -0.665663 0.271690 -0.552847
v -0.798313 0.116756 -0.825350
v -0.692709 0.171396 -0.695785
v -0.658062 0.281302 -0.562949
v -0.791324 0.127077 -0.835543
v -0.685609 0.181019 -0.705776
v -0.650460 0.290736 -0.572916
v -0.784341 0.137202 -0.845585
v -0.678525 0.190440 -0.715610
v -0.642863 0.299983 -0.582743
v -0.777366 0.147122 -0.855471
v -0.671460 0.199650 -0.725280
v -0.635272 0.309032 -0.592422
v -0.770402 0.156828 -0.865195
v -0.664419 0.208637 -0.734779
v -0.627692 0.317872 -0.601949
v -0.763454 0.166309 -0.874751
v -0.657406 0.217391 -0.744101
v -0.620126 0.326494 -0.611316
v -0.756524 0.175556 -0.884134
v -0.650426 0.225901 -0.753238
v -0.612578 0.334887 -0.620518
v -0.749615 0.184559 -0.893338
v -0.643485 0.234155 -0.762183
v -0.605051 0.343040 -0.629548
v -0.742730 0.193309 -0.902359
v -0.636588 0.242144 -0.770928
v -0.597550 0.350943 -0.638400
v -0.735873 0.201795 -0.911190
v -0.629740 0.249854 -0.779466
v -0.590078 0.358586 -0.647067
v -0.729046 0.210008 -0.919826
v -0.622947 0.257277 -0.787789
v -0.582638 0.365958 -0.655545
v -0.722252 0.217939 -0.928261
v -0.616215 0.264399 -0.795889
v -0.575234 0.373049 -0.663825
v -0.715496 0.225577 -0.936491
v -0.609551 0.271211 -0.803757
v -0.567870 0.379849 -0.671903
v -0.708778 0.232912 -0.944509
v -0.602964 0.277700 -0.811384
v -0.560551 0.386347 -0.679771
v -0.702103 0.239936 -0.952312
v -0.596459 0.283856 -0.818762
v -0.553279 0.392532 -0.687423
v -0.695473 0.246639 -0.959892
v -0.590047 0.289666 -0.825881
v -0.546058 0.398393 -0.694853
v -0.688891 0.253010 -0.967246
v -0.583737 0.295120 -0.832731
v -0.538894 0.403921 -0.702054
v -0.682360 0.259041 -0.974368
v -0.577539 0.300207 -0.839300
v -0.531789 0.409105 -0.709020
v -0.675881 0.264723 -0.981252
v -0.571467 0.304915 -0.845579
v -0.524749 0.413934 -0.715743
v -0.669456 0.270044 -0.987896
v -0.565533 0.309235 -0.851554
v -0.517778 0.418397 -0.722217
v -0.663089 0.274997 -0.994292
v -0.559754 0.313157 -0.857213
v -0.510881 0.422484 -0.728435
v -0.656781 0.279572 -1.000438
v -0.554147 0.316671 -0.862544
v -0.504062 0.426184 -0.734390
v -0.650532 0.283758 -1.006328
v -0.548733 0.319772 -0.867531
v -0.497328 0.429487 -0.740074
v -0.644345 0.287548 -1.011959
v -0.543536 0.322454 -0.872159
v -0.490684 0.432380 -0.745479
v -0.638218 0.290930 -1.017327
v -0.538582 0.324716 -0.876415
v -0.484136 0.434855 -0.750598
v -0.632152 0.293896 -1.022428
v -0.533903 0.326559 -0.880283
v -0.477692 0.436901 -0.755423
v -0.626146 0.296435 -1.027259
v -0.529533 0.327994 -0.883750
v -0.471360 0.438508 -0.759945
v -0.620196 0.298536 -1.031817
v -0.525507 0.329035 -0.886804
v -0.465149 0.439667 -0.764156
v -0.614301 0.300187 -1.036099
v -0.521865 0.329710 -0.889440
v -0.459069 0.440369 -0.768046
v -0.608455 0.301375 -1.040101
v -0.518639 0.330055 -0.891657
v -0.453130 0.440607 -0.771608
v -0.602651 0.302086 -1.043823
v -0.515848 0.330122 -0.893476
v -0.447349 0.440376 -0.774831
v -0.596666 0.302304 -1.047385
v -0.513001 0.329945 -0.895197
v -0.441527 0.439678 -0.777829
v -0.590292 0.302031 -1.050908
v -0.509591 0.329490 -0.897095
v -0.435459 0.438525 -0.780730
v -0.583544 0.301271 -1.054383
v -0.505609 0.328705 -0.899147
v -0.429141 0.436931 -0.783540
v -0.576440 0.300034 -1.057805
v -0.501072 0.327554 -0.901320
v -0.422572 0.434909 -0.786266
v -0.568995 0.298329 -1.061166
v -0.496006 0.326009 -0.903586
v -0.415747 0.432468 -0.788913
v -0.561225 0.296167 -1.064464
v -0.490437 0.324055 -0.905919
v -0.408666 0.429618 -0.791486
v -0.553142 0.293561 -1.067695
v -0.484394 0.321682 -0.908296
v -0.401330 0.426367 -0.793987
v -0.544758 0.290521 -1.070858
v -0.477906 0.318889 -0.910698
v -0.393741 0.422724 -0.796419
v -0.536083 0.287060 -1.073950
v -0.470999 0.315677 -0.913109
v -0.385900 0.418696 -0.798783
v -0.527129 0.283190 -1.076972
v -0.463697 0.312050 -0.915515
v -0.377812 0.414291 -0.801079
v -0.517904 0.278922 -1.079922
v -0.456023 0.308016 -0.917906
v -0.369480 0.409520 -0.803310
v -0.508417 0.274268 -1.082800
v -0.447998 0.303584 -0.920273
v -0.360910 0.404389 -0.805474
v -0.498676 0.269238 -1.085606
v -0.439641 0.298762 -0.922608
v -0.352106 0.398909 -0.807572
v -0.488689 0.263845 -1.088339
v -0.430968 0.293562 -0.924906
v -0.343074 0.393087 -0.809604
v -0.478465 0.258099 -1.090999
v -0.421995 0.287994 -0.927162
v -0.333821 0.386933 -0.811571
v -0.468010 0.252011 -1.093587
v -0.412738 0.282069 -0.929372
v -0.324351 0.380457 -0.813473
v -0.457332 0.245592 -1.096102
v -0.403210 0.275798 -0.931532
v -0.314672 0.373667 -0.815309
v -0.446438 0.238853 -1.098545
v -0.393423 0.269194 -0.933640
v -0.304789 0.366573 -0.817079
v -0.435336 0.231804 -1.100915
v -0.383389 0.262266 -0.935693
v -0.294709 0.359185 -0.818784
v -0.424031 0.224455 -1.103213
v -0.373119 0.255027 -0.937689
v -0.284438 0.351512 -0.820423
v -0.412532 0.216817 -1.105439
v -0.362625 0.247487 -0.939626
v -0.273983 0.343564 -0.821996
v -0.400845 0.208901 -1.107592
v -0.351917 0.239659 -0.941504
v -0.263351 0.335351 -0.823504
v -0.388977 0.200717 -1.109673
v -0.341003 0.231552 -0.943321
v -0.252548 0.326882 -0.824945
v -0.376934 0.192275 -1.111681
v -0.329894 0.223178 -0.945077
v -0.241581 0.318168 -0.826321
v -0.364724 0.183585 -1.113618
v -0.318598 0.214549 -0.946769
v -0.230457 0.309218 -0.827631
v -0.352353 0.174657 -1.115482
v -0.307125 0.205674 -0.948397
v -0.219183 0.300043 -0.828874
v -0.339828 0.165502 -1.117275
v -0.295483 0.196566 -0.949962
v -0.207766 0.290652 -0.830052
v -0.327155 0.156130 -1.118995
v -0.283681 0.187234 -0.951462
v -0.196212 0.281055 -0.831163
v -0.314342 0.146550 -1.120644
v -0.271726 0.177690 -0.952896
v -0.184528 0.271263 -0.832208
v -0.301394 0.136773 -1.122220
v -0.259626 0.167944 -0.954265
v -0.172721 0.261285 -0.833187
v -0.288318 0.126809 -1.123725
v -0.247390 0.158007 -0.955568
v -0.160798 0.251132 -0.834100
v -0.275122 0.116668 -1.125158
v -0.235026 0.147889 -0.956805
v -0.148767 0.240813 -0.834947
v -0.261811 0.106360 -1.126519
v -0.222540 0.137602 -0.957975
v -0.136634 0.230340 -0.835727
v -0.248391 0.095895 -1.127807
v -0.209941 0.127155 -0.959079
v -0.124406 0.219721 -0.836441
v -0.234871 0.085282 -1.129025
v -0.197236 0.116559 -0.960115
v -0.112089 0.208968 -0.837088
v -0.221255 0.074533 -1.130170
v -0.184433 0.105824 -0.961084
v -0.099692 0.198090 -0.837670
v -0.207550 0.063656 -1.131243
v -0.171539 0.094962 -0.961986
v -0.087222 0.187098 -0.838185
v -0.193764 0.052661 -1.132245
v -0.158560 0.083981 -0.962820
v -0.074684 0.176002 -0.838634
v -0.179902 0.041559 -1.133174
v -0.145505 0.072894 -0.963586
v -0.062087 0.164812 -0.839017
v -0.165970 0.030359 -1.134032
v -0.132381 0.061709 -0.964285
v -0.049438 0.153538 -0.839334
v -0.151976 0.019071 -1.134817
v -0.119194 0.050438 -0.964916
v -0.036743 0.142191 -0.839584
v -0.137925 0.007705 -1.135531
v -0.105952 0.039090 -0.965479
v -0.024010 0.130782 -0.839769
v -0.123824 -0.003730 -1.136172
v -0.092662 0.027676 -0.965973
v -0.011246 0.119320 -0.839887
v -0.109679 -0.015223 -1.136741
v -0.079331 0.016206 -0.966400
v 0.001542 0.107816 -0.839939
v -0.095496 -0.026765 -1.137238
v -0.065966 0.004691 -0.966758
v 0.014346 0.096280 -0.839926
v -0.081282 -0.038346 -1.137663
v -0.052574 -0.006860 -0.967048
v 0.027159 0.084723 -0.839847
v -0.067042 -0.049957 -1.138015
v -0.039161 -0.018437 -0.967269
v 0.039974 0.073156 -0.839702
v -0.052784 -0.061588 -1.138294
v -0.025735 -0.030028 -0.967422
v 0.052784 0.061588 -0.839491
v -0.038512 -0.073229 -1.138501
v -0.012303 -0.041625 -0.967506
v 0.065580 0.050030 -0.839215
v -0.024233 -0.084870 -1.138635
v 0.001128 -0.053216 -0.967522
v 0.078355 0.038493 -0.838874
v -0.009953 -0.096503 -1.138697
v 0.014553 -0.064792 -0.967469
v 0.091103 0.026988 -0.838467
v 0.004323 -0.108118 -1.138685
v 0.027963 -0.076343 -0.967347
v 0.103814 0.015525 -0.837996
v 0.018588 -0.119705 -1.138600
v 0.041352 -0.087859 -0.967157
v 0.116482 0.004114 -0.837459
v 0.032836 -0.131254 -1.138441
v 0.054714 -0.099329 -0.966898
v 0.129099 -0.007233 -0.836858
v 0.047062 -0.142757 -1.138208
v 0.068042 -0.110743 -0.966569
v 0.141656 -0.018505 -0.836193
v 0.061261 -0.154204 -1.137902
v 0.081328 -0.122092 -0.966172
v 0.154147 -0.029693 -0.835463
v 0.075427 -0.165586 -1.137521
v 0.094567 -0.133365 -0.965706
v 0.166562 -0.040784 -0.834670
v 0.089554 -0.176894 -1.137066
v 0.107751 -0.144553 -0.965171
v 0.178894 -0.051769 -0.833813
v 0.103638 -0.188118 -1.136535
v 0.120874 -0.155645 -0.964566
v 0.191134 -0.062636 -0.832893
v 0.117673 -0.199250 -1.135929
v 0.133930 -0.166632 -0.963892
v 0.203274 -0.073373 -0.831910
v 0.131654 -0.210280 -1.135247
v 0.146912 -0.177503 -0.963149
v 0.215306 -0.083970 -0.830866
v 0.145577 -0.221200 -1.134489
v 0.159813 -0.188249 -0.962336
v 0.227219 -0.094416 -0.829759
v 0.159438 -0.232001 -1.133654
v 0.172627 -0.198860 -0.961454
v 0.239007 -0.104699 -0.828591
v 0.173231 -0.242674 -1.132741
v 0.185347 -0.209325 -0.960502
v 0.250658 -0.114808 -0.827363
v 0.186952 -0.253210 -1.131749
v 0.197968 -0.219636 -0.959481
v 0.262165 -0.124731 -0.826076
v 0.200599 -0.263602 -1.130678
v 0.210482 -0.229781 -0.958389
v 0.273516 -0.134456 -0.824729
v 0.214167 -0.273840 -1.129527
v 0.222884 -0.239752 -0.957227
v 0.284702 -0.143972 -0.823325
v 0.227654 -0.283917 -1.128294
v 0.235167 -0.249539 -0.955995
v 0.295713 -0.153267 -0.821865
v 0.241057 -0.293825 -1.126978
v 0.247326 -0.259132 -0.954693
v 0.306537 -0.162329 -0.820349
v 0.254373 -0.303555 -1.125577
v 0.259354 -0.268521 -0.953319
v 0.317163 -0.171145 -0.818779
v 0.267602 -0.313100 -1.124091
v 0.271245 -0.277696 -0.951875
v 0.327580 -0.179703 -0.817158
v 0.280742 -0.322453 -1.122516
v 0.282994 -0.286649 -0.950359
v 0.337774 -0.187990 -0.815486
v 0.293793 -0.331605 -1.120851
v 0.294594 -0.295368 -0.948771
v 0.347732 -0.195994 -0.813767
v 0.306755 -0.340550 -1.119092
v 0.306042 -0.303846 -0.947112
v 0.357441 -0.203702 -0.812004
v 0.319630 -0.349282 -1.117237
v 0.317330 -0.312072 -0.945379
v 0.366885 -0.211100 -0.810198
v 0.332422 -0.357792 -1.115281
v 0.328454 -0.320037 -0.943573
v 0.376047 -0.218175 -0.808355
v 0.345133 -0.366074 -1.113221
v 0.339409 -0.327732 -0.941693
v 0.384912 -0.224914 -0.806478
v 0.357769 -0.374123 -1.111051
v 0.350190 -0.335147 -0.939737
v 0.393458 -0.231303 -0.804573
v 0.370338 -0.381931 -1.108765
v 0.360794 -0.342273 -0.937706
v 0.401666 -0.237328 -0.802647
v 0.382848 -0.389493 -1.106355
v 0.371216 -0.349100 -0.935597
v 0.409513 -0.242975 -0.800705
v 0.395313 -0.396801 -1.103812
v 0.381453 -0.355620 -0.933410
v 0.416973 -0.248231 -0.798758
v 0.407745 -0.403849 -1.101127
v 0.391502 -0.361823 -0.931141
v 0.424019 -0.253083 -0.796817
v 0.420163 -0.410630 -1.098285
v 0.401360 -0.367700 -0.928790
v 0.430619 -0.257517 -0.794893
v 0.432588 -0.417135 -1.095272
v 0.411027 -0.373241 -0.926353
v 0.436738 -0.261521 -0.793002
v 0.445047 -0.423355 -1.092068
v 0.420501 -0.378437 -0.923828
v 0.442337 -0.265087 -0.791163
v 0.457568 -0.429278 -1.088651
v 0.429781 -0.383278 -0.921209
v 0.447372 -0.268204 -0.789400
v 0.470189 -0.434887 -1.084993
v 0.438871 -0.387752 -0.918493
v 0.451794 -0.270869 -0.787740
v 0.482952 -0.440163 -1.081060
v 0.447772 -0.391849 -0.915673
v 0.455547 -0.273082 -0.786217
v 0.495903 -0.445078 -1.076811
v 0.456487 -0.395557 -0.912741
v 0.458569 -0.274850 -0.784871
v 0.509098 -0.449594 -1.072196
v 0.465021 -0.398860 -0.909689
v 0.460794 -0.276192 -0.783754
v 0.522593 -0.453660 -1.067155
v 0.473381 -0.401743 -0.906506
v 0.462150 -0.277138 -0.782925
v 0.536448 -0.457205 -1.061617
v 0.481574 -0.404185 -0.903179
v 0.462564 -0.277738 -0.782453
v 0.550719 -0.460136 -1.055503
v 0.489604 -0.406162 -0.899692
v 0.461967 -0.278067 -0.782421
v 0.565450 -0.462327 -1.048721
v 0.497478 -0.407645 -0.896029
v 0.460301 -0.278229 -0.782917
v 0.580659 -0.463617 -1.041178
v 0.505197 -0.408596 -0.892171
v 0.457534 -0.278365 -0.784037
v 0.596290 -0.463810 -1.032805
v 0.512747 -0.408973 -0.888104
v 0.453710 -0.278652 -0.785849
v 0.611600 -0.462763 -1.023957
v 0.520172 -0.408743 -0.883786
v 0.449986 -0.279219 -0.787752
v 0.625916 -0.460626 -1.015099
v 0.527527 -0.407934 -0.879201
v 0.447454 -0.279929 -0.789046
v 0.639283 -0.457601 -1.006311
v 0.534813 -0.406590 -0.874368
v 0.446063 -0.280601 -0.789662
v 0.651802 -0.453851 -0.997619
v 0.542042 -0.404744 -0.869298
v 0.445704 -0.281092 -0.789585
v 0.663581 -0.449502 -0.989025
v 0.549227 -0.402427 -0.863997
v 0.446263 -0.281296 -0.788826
v 0.674726 -0.444647 -0.980518
v 0.556382 -0.399663 -0.858468
v 0.447629 -0.281138 -0.787407
v 0.685332 -0.439357 -0.972077
v 0.563519 -0.396471 -0.852714
v 0.449697 -0.280571 -0.785361
v 0.695485 -0.433682 -0.963680
v 0.570650 -0.392870 -0.846736
v 0.452376 -0.279563 -0.782722
v 0.705257 -0.427657 -0.955301
v 0.577782 -0.388873 -0.840536
v 0.455586 -0.278099 -0.779527
v 0.714713 -0.421310 -0.946917
v 0.584923 -0.384494 -0.834115
v 0.459258 -0.276172 -0.775810
v 0.723902 -0.414659 -0.938509
v 0.592079 -0.379744 -0.827475
v 0.463332 -0.273783 -0.771604
v 0.732871 -0.407718 -0.930056
v 0.599253 -0.374635 -0.820617
v 0.467759 -0.270939 -0.766939
v 0.741654 -0.400499 -0.921543
v 0.606449 -0.369177 -0.813545
v 0.472495 -0.267647 -0.761845
v 0.750283 -0.393011 -0.912955
v 0.613669 -0.363380 -0.806260
v 0.477502 -0.263921 -0.756345
v 0.758781 -0.385261 -0.904280
v 0.620914 -0.357253 -0.798767
v 0.482750 -0.259771 -0.750465
v 0.767171 -0.377255 -0.895510
v 0.628184 -0.350808 -0.791068
v 0.488211 -0.255213 -0.744225
v 0.775468 -0.369000 -0.886636
v 0.635479 -0.344052 -0.783167
v 0.493861 -0.250259 -0.737645
v 0.783687 -0.360501 -0.877651
v 0.642799 -0.336995 -0.775068
v 0.499679 -0.244925 -0.730743
v 0.791839 -0.351764 -0.868551
v 0.650143 -0.329648 -0.766776
v 0.505648 -0.239225 -0.723535
v 0.799933 -0.342795 -0.859332
v 0.657509 -0.322019 -0.758295
v 0.511750 -0.233172 -0.716038
v 0.807978 -0.333600 -0.849992
v 0.664896 -0.314118 -0.749628
v 0.517972 -0.226782 -0.708265
v 0.815979 -0.324185 -0.840529
v 0.672301 -0.305954 -0.740782
v 0.524301 -0.220067 -0.700229
v 0.823940 -0.314556 -0.830942
v 0.679724 -0.297537 -0.731760
v 0.530726 -0.213043 -0.691944
v 0.831866 -0.304721 -0.821231
v 0.687161 -0.288877 -0.722569
v 0.537235 -0.205722 -0.683420
v 0.839760 -0.294685 -0.811397
v 0.694610 -0.279983 -0.713212
v 0.543820 -0.198117 -0.674669
v 0.847622 -0.284457 -0.801441
v 0.702069 -0.270865 -0.703695
v 0.550472 -0.190243 -0.665702
v 0.855456 -0.274043 -0.791365
v 0.709534 -0.261532 -0.694023
v 0.557181 -0.182111 -0.656529
v 0.863261 -0.263451 -0.781169
v 0.717004 -0.251995 -0.684202
v 0.563942 -0.173734 -0.647159
v 0.871039 -0.252688 -0.770858
v 0.724475 -0.242262 -0.674237
v 0.570746 -0.165125 -0.637602
v 0.878788 -0.241762 -0.760433
v 0.731945 -0.232344 -0.664134
v 0.577587 -0.156297 -0.627866
v 0.886509 -0.230681 -0.749898
v 0.739411 -0.222251 -0.653897
v 0.584459 -0.147261 -0.617961
v 0.894200 -0.219453 -0.739255
v 0.746869 -0.211992 -0.643532
v 0.591356 -0.138029 -0.607895
v 0.901861 -0.208087 -0.728509
v 0.754317 -0.201578 -0.633045
v 0.598271 -0.128614 -0.597676
v 0.909490 -0.196590 -0.717663
v 0.761751 -0.191017 -0.622442
v 0.605200 -0.119026 -0.587313
v 0.917087 -0.184971 -0.706721
v 0.769169 -0.180321 -0.611728
v 0.612137 -0.109279 -0.576812
v 0.924649 -0.173240 -0.695686
v 0.776567 -0.169498 -0.600909
v 0.619077 -0.099383 -0.566182
v 0.932174 -0.161403 -0.684563
v 0.783942 -0.158559 -0.589990
v 0.626015 -0.089350 -0.555431
v 0.939661 -0.149471 -0.673357
v 0.791291 -0.147514 -0.578977
v 0.632946 -0.079192 -0.544566
v 0.947107 -0.137451 -0.662071
v 0.798610 -0.136373 -0.567876
v 0.639866 -0.068919 -0.533593
v 0.954511 -0.125353 -0.650710
v 0.805897 -0.125145 -0.556693
v 0.646770 -0.058543 -0.522522
v 0.961869 -0.113186 -0.639278
v 0.813148 -0.113841 -0.545434
v 0.653653 -0.048076 -0.511358
v 0.969180 -0.100959 -0.627780
v 0.820361 -0.102471 -0.534103
v 0.660511 -0.037528 -0.500109
v 0.976442 -0.088680 -0.616222
v 0.827530 -0.091045 -0.522708
v 0.667340 -0.026910 -0.488782
v 0.983651 -0.076359 -0.604606
v 0.834654 -0.079572 -0.511254
v 0.674136 -0.016234 -0.477383
v 0.990805 -0.064004 -0.592939
v 0.841729 -0.068064 -0.499746
v 0.680894 -0.005511 -0.465921
v 0.997902 -0.051626 -0.581224
v 0.848752 -0.056529 -0.488191
v 0.687610 0.005249 -0.454402
v 1.004939 -0.039232 -0.569468
v 0.855719 -0.044978 -0.476595
v 0.694280 0.016034 -0.442832
v 1.011913 -0.026833 -0.557673
v 0.862627 -0.033422 -0.464963
v 0.700900 0.026833 -0.431219
v 1.018821 -0.014437 -0.545846
v 0.869472 -0.021869 -0.453301
v 0.707465 0.037636 -0.419570
v 1.025662 -0.002054 -0.533992
v 0.876252 -0.010332 -0.441616
v 0.713973 0.048431 -0.407891
v 1.032431 0.010307 -0.522114
v 0.882963 0.001182 -0.429913
v 0.720418 0.059208 -0.396190
v 1.039126 0.022638 -0.510218
v 0.889601 0.012660 -0.418198
v 0.726798 0.069955 -0.384473
v 1.045745 0.034928 -0.498309
v 0.896163 0.024094 -0.406478
v 0.733107 0.080662 -0.372747
v 1.052284 0.047169 -0.486391
v 0.902646 0.035473 -0.394758
v 0.739342 0.091318 -0.361019
v 1.058741 0.059351 -0.474469
v 0.909046 0.046787 -0.383045
v 0.745500 0.101911 -0.349296
v 1.065113 0.071465 -0.462548
v 0.915359 0.058025 -0.371344
v 0.751575 0.112432 -0.337585
v 1.071397 0.083503 -0.450633
v 0.921583 0.069177 -0.359662
v 0.757565 0.122868 -0.325894
v 1.077590 0.095454 -0.438728
v 0.927714 0.080234 -0.348005
v 0.763465 0.133209 -0.314229
v 1.083690 0.107310 -0.426837
v 0.933749 0.091184 -0.336379
v 0.769271 0.143443 -0.302597
v 1.089693 0.119062 -0.414965
v 0.939683 0.102018 -0.324790
v 0.774980 0.153560 -0.291006
v 1.095596 0.130701 -0.403117
v 0.945514 0.112725 -0.313245
v 0.780587 0.163549 -0.279463
v 1.101398 0.142218 -0.391297
v 0.951237 0.123294 -0.301750
v 0.786089 0.173398 -0.267976
v 1.107095 0.153603 -0.379508
v 0.956850 0.133716 -0.290311
v 0.791481 0.183097 -0.256552
v 1.112684 0.164849 -0.367755
v 0.962349 0.143981 -0.278935
v 0.796760 0.192633 -0.245199
v 1.118163 0.175946 -0.356041
v 0.967731 0.154076 -0.267628
v 0.801921 0.201996 -0.233924
v 1.123529 0.186885 -0.344371
v 0.972991 0.163993 -0.256398
v 0.806961 0.211173 -0.222737
v 1.128779 0.197658 -0.332747
v 0.978127 0.173720 -0.245250
v 0.811875 0.220155 -0.211645
v 1.133911 0.208256 -0.321173
v 0.983134 0.183248 -0.234191
v 0.816659 0.228928 -0.200657
v 1.138922 0.218672 -0.309651
v 0.988009 0.192565 -0.223229
v 0.821309 0.237482 -0.189782
v 1.143809 0.228896 -0.298184
v 0.992749 0.201661 -0.212370
v 0.825821 0.245804 -0.179030
v 1.148571 0.238920 -0.286773
v 0.997349 0.210524 -0.201623
v 0.830191 0.253883 -0.168408
v 1.153204 0.248736 -0.275422
v 1.001806 0.219146 -0.190993
v 0.834413 0.261706 -0.157929
v 1.157706 0.258337 -0.264130
v 1.006117 0.227514 -0.180489
v 0.838485 0.269262 -0.147602
v 1.162075 0.267714 -0.252898
v 1.010278 0.235618 -0.170119
v 0.842401 0.276538 -0.137439
v 1.166309 0.276860 -0.241726
v 1.014284 0.243446 -0.159890
v 0.846157 0.283521 -0.127452
v 1.170404 0.285768 -0.230613
v 1.018133 0.250989 -0.149812
v 0.849748 0.290199 -0.117654
v 1.174361 0.294429 -0.219556
v 1.021820 0.258235 -0.139893
v 0.853170 0.296559 -0.108057
v 1.178175 0.302837 -0.208552
v 1.025341 0.265172 -0.130142
v 0.856418 0.302589 -0.098679
v 1.181845 0.310984 -0.197597
v 1.028693 0.271791 -0.120569
v 0.859487 0.308275 -0.089534
v 1.185370 0.318864 -0.186685
v 1.031873 0.278079 -0.111186
v 0.862373 0.313603 -0.080641
v 1.188746 0.326470 -0.175806
v 1.034875 0.284026 -0.102002
v 0.865071 0.318562 -0.072019
v 1.191973 0.333793 -0.164951
v 1.037696 0.289621 -0.093030
v 0.867576 0.323138 -0.063692
v 1.195047 0.340828 -0.154106
v 1.040334 0.294853 -0.084283
v 0.869884 0.327319 -0.055684
v 1.197965 0.347565 -0.143255
v 1.042783 0.299711 -0.075776
v 0.871991 0.331092 -0.048023
v 1.200726 0.353995 -0.132378
v 1.045041 0.304185 -0.067523
v 0.873892 0.334446 -0.040742
v 1.203326 0.360109 -0.121449
v 1.047105 0.308266 -0.059544
v 0.875585 0.337372 -0.033875
v 1.205759 0.365894 -0.110440
v 1.048971 0.311944 -0.051856
v 0.877068 0.339862 -0.027466
v 1.208019 0.371334 -0.099314
v 1.050638 0.315212 -0.044482
v 0.878339 0.341911 -0.021561
v 1.210099 0.376408 -0.088031
v 1.052105 0.318065 -0.037445
v 0.879402 0.343520 -0.016213
v 1.211987 0.381091 -0.076540
v 1.053370 0.320500 -0.030772
v 0.880259 0.344695 -0.011485
v 1.213667 0.385345 -0.064786
v 1.054437 0.322517 -0.024491
v 0.880920 0.345453 -0.007441
v 1.215118 0.389122 -0.052709
v 1.055309 0.324121 -0.018633
v 0.881400 0.345821 -0.004157
v 1.216311 0.392357 -0.040244
v 1.055993 0.325326 -0.013229
v 0.881720 0.345845 -0.001706
v 1.217209 0.394964 -0.027330
v 1.056499 0.326150 -0.008309
v 0.881912 0.345591 -0.000164
v 1.217761 0.396833 -0.013916
v 1.056841 0.326623 -0.003898
v 0.882018 0.345149 0.000410
vn 0.877583 0.479426 0.000000
vn 1.000000 0.000000 0.000000
vn 0.877583 -0.479426 0.000000
vn 0.875162 0.479932 0.061284
vn 0.999483 0.001886 0.032110
vn 0.879094 -0.476622 -0.004927
vn 0.871122 0.476947 0.116910
vn 0.998100 0.001919 0.061592
vn 0.880707 -0.473579 -0.008806
vn 0.865935 0.471513 0.166831
vn 0.996086 0.000618 0.088387
vn 0.882361 -0.470428 -0.011698
vn 0.859983 0.464467 0.211423
vn 0.993635 -0.001595 0.112641
vn 0.884010 -0.467267 -0.013720
vn 0.853559 0.456452 0.251174
vn 0.990895 -0.004391 0.134566
vn 0.885625 -0.464159 -0.014989
vn 0.846882 0.447936 0.286608
vn 0.987980 -0.007527 0.154399
vn 0.887186 -0.461148 -0.015613
vn 0.840106 0.439257 0.318238
vn 0.984971 -0.010825 0.172378
vn 0.888682 -0.458256 -0.015686
vn 0.833339 0.430647 0.346539
vn 0.981927 -0.014159 0.188728
vn 0.890105 -0.455498 -0.015291
vn 0.826655 0.422258 0.371939
vn 0.978888 -0.017445 0.203651
vn 0.891455 -0.452877 -0.014498
vn 0.820101 0.414192 0.394816
vn 0.975880 -0.020626 0.217330
vn 0.892730 -0.450393 -0.013366
vn 0.813704 0.406506 0.415498
vn 0.972921 -0.023665 0.229923
vn 0.893933 -0.448042 -0.011945
vn 0.807482 0.399231 0.434266
vn 0.970021 -0.026543 0.241568
vn 0.895064 -0.445818 -0.010274
vn 0.801440 0.392380 0.451366
vn 0.967185 -0.029248 0.252385
vn 0.896129 -0.443715 -0.008389
vn 0.795580 0.385951 0.467005
vn 0.964415 -0.031777 0.262475
vn 0.897128 -0.441725 -0.006318
vn 0.789898 0.379935 0.481363
vn 0.961712 -0.034132 0.271928
vn 0.898066 -0.439843 -0.004085
vn 0.784388 0.374318 0.494593
vn 0.959073 -0.036317 0.280820
vn 0.898944 -0.438060 -0.001708
vn 0.779042 0.369080 0.506827
vn 0.956496 -0.038339 0.289216
vn 0.899767 -0.436371 0.000794
vn 0.773852 0.364203 0.518179
vn 0.953977 -0.040205 0.297173
vn 0.900535 -0.434770 0.003409
vn 0.768808 0.359666 0.528748
vn 0.951512 -0.041926 0.304742
vn 0.901252 -0.433252 0.006125
vn 0.763903 0.355448 0.538617
vn 0.949097 -0.043508 0.311964
vn 0.901919 -0.431813 0.008931
vn 0.759128 0.351531 0.547861
vn 0.946729 -0.044962 0.318876
vn 0.902539 -0.430447 0.011819
vn 0.754473 0.347893 0.556544
vn 0.944404 -0.046296 0.325512
vn 0.903112 -0.429151 0.014784
vn 0.749930 0.344518 0.564722
vn 0.942117 -0.047519 0.331901
vn 0.903640 -0.427922 0.017818
vn 0.745493 0.341389 0.572445
vn 0.939865 -0.048638 0.338066
vn 0.904125 -0.426757 0.020917
vn 0.741153 0.338489 0.579756
vn 0.937644 -0.049661 0.344032
vn 0.904566 -0.425653 0.024076
vn 0.736905 0.335802 0.586693
vn 0.935451 -0.050596 0.349817
vn 0.904966 -0.424607 0.027293
vn 0.732741 0.333316 0.593289
vn 0.933283 -0.051450 0.355438
vn 0.905325 -0.423619 0.030564
vn 0.728655 0.331017 0.599574
vn 0.931136 -0.052228 0.360913
vn 0.905642 -0.422687 0.033888
vn 0.724643 0.328893 0.605576
vn 0.929008 -0.052938 0.366254
vn 0.905919 -0.421808 0.037261
vn 0.720698 0.326933 0.611318
vn 0.926895 -0.053584 0.371475
vn 0.906156 -0.420982 0.040683
vn 0.716817 0.325126 0.616820
vn 0.924796 -0.054173 0.376587
vn 0.906353 -0.420209 0.044152
vn 0.712994 0.323462 0.622103
vn 0.922707 -0.054710 0.381600
vn 0.906509 -0.419487 0.047668
vn 0.709226 0.321933 0.627182
vn 0.920626 -0.055199 0.386524
vn 0.906625 -0.418816 0.051230
vn 0.705508 0.320530 0.632075
vn 0.918551 -0.055644 0.391367
vn 0.906700 -0.418195 0.054838
vn 0.701838 0.319246 0.636793
vn 0.916479 -0.056052 0.396137
vn 0.906734 -0.417626 0.058492
vn 0.698211 0.318073 0.641351
vn 0.914408 -0.056425 0.400841
vn 0.906727 -0.417108 0.062191
vn 0.694625 0.317005 0.645759
vn 0.912337 -0.056767 0.405487
vn 0.906677 -0.416640 0.065937
vn 0.691076 0.316035 0.650028
vn 0.910262 -0.057083 0.410079
vn 0.906584 -0.416225 0.069729
vn 0.687561 0.315157 0.654168
vn 0.908181 -0.057377 0.414626
vn 0.906447 -0.415863 0.073569
vn 0.684079 0.314367 0.658186
vn 0.906094 -0.057650 0.419131
vn 0.906265 -0.415553 0.077458
vn 0.680627 0.313659 0.662091
vn 0.903997 -0.057909 0.423599
vn 0.906036 -0.415298 0.081396
vn 0.677202 0.313029 0.665891
vn 0.901888 -0.058154 0.428037
vn 0.905761 -0.415099 0.085385
vn 0.673802 0.312471 0.669591
vn 0.899766 -0.058391 0.432448
vn 0.905436 -0.414957 0.089427
vn 0.670426 0.311983 0.673199
vn 0.897628 -0.058622 0.436838
vn 0.905060 -0.414873 0.093524
vn 0.667070 0.311559 0.676719
vn 0.895472 -0.058849 0.441210
vn 0.904632 -0.414850 0.097677
vn 0.663734 0.311197 0.680157
vn 0.893297 -0.059078 0.445568
vn 0.904149 -0.414889 0.101888
vn 0.660415 0.310893 0.683519
vn 0.891099 -0.059310 0.449917
vn 0.903610 -0.414992 0.106161
vn 0.657112 0.310644 0.686807
vn 0.888876 -0.059549 0.454262
vn 0.903012 -0.415162 0.110497
vn 0.653823 0.310447 0.690028
vn 0.886626 -0.059797 0.458605
vn 0.902352 -0.415401 0.114899
vn 0.650546 0.310299 0.693184
vn 0.884347 -0.060059 0.462951
vn 0.901628 -0.415713 0.119372
vn 0.647281 0.310197 0.696279
vn 0.882035 -0.060337 0.467305
vn 0.900836 -0.416099 0.123917
vn 0.644025 0.310139 0.699318
vn 0.879688 -0.060635 0.471669
vn 0.899973 -0.416564 0.128540
vn 0.640777 0.310123 0.702303
vn 0.877303 -0.060956 0.476050
vn 0.899035 -0.417112 0.133243
vn 0.637535 0.310145 0.705236
vn 0.874877 -0.061304 0.480450
vn 0.898018 -0.417745 0.138032
vn 0.634299 0.310205 0.708123
vn 0.872406 -0.061682 0.484874
vn 0.896918 -0.418468 0.142912
vn 0.631066 0.310300 0.710964
vn 0.869887 -0.062094 0.489328
vn 0.895728 -0.419285 0.147887
vn 0.627836 0.310427 0.713763
vn 0.867315 -0.062544 0.493815
vn 0.894445 -0.420203 0.152964
vn 0.624606 0.310586 0.716522
vn 0.864687 -0.063036 0.498341
vn 0.893061 -0.421225 0.158149
vn 0.621376 0.310774 0.719243
vn 0.861997 -0.063574 0.502911
vn 0.891571 -0.422357 0.163448
vn 0.618144 0.310990 0.721930
vn 0.859241 -0.064163 0.507531
vn 0.889967 -0.423606 0.168870
vn 0.614908 0.311232 0.724584
vn 0.856414 -0.064807 0.512206
vn 0.888240 -0.424979 0.174422
vn 0.611667 0.311499 0.727208
vn 0.853509 -0.065512 0.516944
vn 0.886381 -0.426482 0.180114
vn 0.608420 0.311788 0.729804
vn 0.850519 -0.066282 0.521751
vn 0.884381 -0.428124 0.185956
vn 0.605164 0.312100 0.732373
vn 0.847437 -0.067123 0.526635
vn 0.882229 -0.429912 0.191958
vn 0.601898 0.312431 0.734919
vn 0.844256 -0.068042 0.531603
vn 0.879911 -0.431857 0.198133
vn 0.598620 0.312782 0.737443
vn 0.840966 -0.069045 0.536665
vn 0.877414 -0.433967 0.204493
vn 0.595327 0.313150 0.739947
vn 0.837556 -0.070138 0.541830
vn 0.874722 -0.436253 0.211054
vn 0.592019 0.313535 0.742434
vn 0.834017 -0.071328 0.547109
vn 0.871818 -0.438728 0.217832
vn 0.588693 0.313935 0.744906
vn 0.830335 -0.072624 0.552512
vn 0.868682 -0.441403 0.224843
vn 0.585346 0.314350 0.747365
vn 0.826496 -0.074034 0.558053
vn 0.865292 -0.444292 0.232110
vn 0.581975 0.314778 0.749813
vn 0.822485 -0.075566 0.563745
vn 0.861622 -0.447409 0.239653
vn 0.578578 0.315219 0.752253
vn 0.818282 -0.077230 0.569605
vn 0.857643 -0.450770 0.247497
vn 0.575151 0.315671 0.754687
vn 0.813869 -0.079035 0.575648
vn 0.853324 -0.454392 0.255670
vn 0.571691 0.316135 0.757118
vn 0.809221 -0.080994 0.581895
vn 0.848625 -0.458292 0.264203
vn 0.568194 0.316609 0.759549
vn 0.804312 -0.083116 0.588366
vn 0.843506 -0.462491 0.273130
vn 0.564655 0.317092 0.761982
vn 0.799111 -0.085414 0.595086
vn 0.837916 -0.467008 0.282491
vn 0.561070 0.317586 0.764421
vn 0.793582 -0.087899 0.602080
vn 0.831798 -0.471864 0.292329
vn 0.557434 0.318090 0.766868
vn 0.787687 -0.090586 0.609380
vn 0.825086 -0.477083 0.302694
vn 0.553739 0.318604 0.769328
vn 0.781376 -0.093486 0.617019
vn 0.817705 -0.482688 0.313642
vn 0.549979 0.319129 0.771803
vn 0.774595 -0.096613 0.625034
vn 0.809564 -0.488700 0.325236
vn 0.546146 0.319667 0.774298
vn 0.767281 -0.099978 0.633470
vn 0.800559 -0.495144 0.337546
vn 0.542231 0.320220 0.776817
vn 0.759358 -0.103591 0.642374
vn 0.790567 -0.502040 0.350656
vn 0.538223 0.320791 0.779364
vn 0.750737 -0.107462 0.651802
vn 0.779445 -0.509404 0.364655
vn 0.534112 0.321384 0.781944
vn 0.741316 -0.111594 0.661813
vn 0.767020 -0.517250 0.379647
vn 0.529884 0.322005 0.784561
vn 0.730973 -0.115986 0.672478
vn 0.753093 -0.525579 0.395749
vn 0.525525 0.322663 0.787218
vn 0.719562 -0.120625 0.683872
vn 0.737425 -0.534379 0.413089
vn 0.521016 0.323368 0.789921
vn 0.706914 -0.125487 0.696079
vn 0.719734 -0.543618 0.431812
vn 0.516342 0.324135 0.792671
vn 0.692829 -0.130528 0.709190
vn 0.699688 -0.553232 0.452073
vn 0.511481 0.324982 0.795471
vn 0.677074 -0.135675 0.723300
vn 0.676897 -0.563114 0.474039
vn 0.506413 0.325934 0.798319
vn 0.659378 -0.140819 0.738505
vn 0.650905 -0.573095 0.497880
vn 0.501117 0.327024 0.801210
vn 0.639432 -0.145796 0.754897
vn 0.621192 -0.582920 0.523760
vn 0.495575 0.328292 0.804133
vn 0.616894 -0.150372 0.772548
vn 0.587175 -0.592220 0.551817
vn 0.489774 0.329788 0.807069
vn 0.591395 -0.154222 0.791497
vn 0.548221 -0.600473 0.582139
vn 0.483711 0.331573 0.809989
vn 0.562568 -0.156907 0.811725
vn 0.503689 -0.606972 0.614722
vn 0.477400 0.333719 0.812847
vn 0.530090 -0.157858 0.833118
vn 0.452995 -0.610785 0.649412
vn 0.470877 0.336301 0.815583
vn 0.493849 -0.156370 0.855372
vn 0.395910 -0.610755 0.685736
vn 0.464635 0.339353 0.817896
vn 0.457257 -0.151945 0.876258
vn 0.337927 -0.606042 0.720082
vn 0.459124 0.342759 0.819586
vn 0.423901 -0.145151 0.894002
vn 0.284892 -0.597524 0.749535
vn 0.454309 0.346389 0.820743
vn 0.393901 -0.136736 0.908925
vn 0.237053 -0.586383 0.774571
vn 0.450139 0.350144 0.821447
vn 0.367110 -0.127292 0.921426
vn 0.194200 -0.573563 0.795809
vn 0.446550 0.353953 0.821773
vn 0.343288 -0.117267 0.931881
vn 0.155976 -0.559775 0.813832
vn 0.443477 0.357766 0.821785
vn 0.322152 -0.106984 0.940623
vn 0.121953 -0.545540 0.829164
vn 0.440856 0.361552 0.821539
vn 0.303415 -0.096669 0.947942
vn 0.091687 -0.531223 0.842256
vn 0.438628 0.365290 0.821077
vn 0.286799 -0.086476 0.954080
vn 0.064752 -0.517071 0.853490
vn 0.436741 0.368969 0.820439
vn 0.272050 -0.076505 0.959237
vn 0.040752 -0.503247 0.863181
vn 0.435147 0.372582 0.819652
vn 0.258937 -0.066814 0.963580
vn 0.019331 -0.489853 0.871591
vn 0.433807 0.376130 0.818742
vn 0.247259 -0.057438 0.967245
vn 0.000173 -0.476943 0.878934
vn 0.432686 0.379612 0.817727
vn 0.236837 -0.048391 0.970343
vn -0.016997 -0.464546 0.885386
vn 0.431752 0.383032 0.816625
vn 0.227518 -0.039675 0.972965
vn -0.032421 -0.452668 0.891090
vn 0.430981 0.386394 0.815448
vn 0.219167 -0.031282 0.975186
vn -0.046307 -0.441299 0.896164
vn 0.430348 0.389703 0.814206
vn 0.211668 -0.023202 0.977066
vn -0.058836 -0.430426 0.900706
vn 0.429835 0.392964 0.812909
vn 0.204921 -0.015418 0.978657
vn -0.070165 -0.420025 0.904796
vn 0.429425 0.396181 0.811563
vn 0.198838 -0.007915 0.980000
vn -0.080431 -0.410073 0.908499
vn 0.429103 0.399359 0.810175
vn 0.193345 -0.000675 0.981131
vn -0.089751 -0.400543 0.911872
vn 0.428855 0.402504 0.808748
vn 0.188374 0.006321 0.982077
vn -0.098228 -0.391410 0.914959
vn 0.428671 0.405619 0.807289
vn 0.183869 0.013088 0.982864
vn -0.105951 -0.382647 0.917799
vn 0.428539 0.408709 0.805799
vn 0.179778 0.019644 0.983511
vn -0.112999 -0.374230 0.920426
vn 0.428452 0.411777 0.804281
vn 0.176058 0.026005 0.984036
vn -0.119441 -0.366134 0.922865
vn 0.428401 0.414829 0.802739
vn 0.172670 0.032186 0.984454
vn -0.125337 -0.358338 0.925140
vn 0.428378 0.417868 0.801173
vn 0.169578 0.038200 0.984776
vn -0.130740 -0.350820 0.927271
vn 0.428378 0.420896 0.799586
vn 0.166753 0.044062 0.985014
vn -0.135698 -0.343560 0.929275
vn 0.428394 0.423919 0.797980
vn 0.164168 0.049783 0.985175
vn -0.140253 -0.336541 0.931166
vn 0.428420 0.426938 0.796354
vn 0.161796 0.055376 0.985269
vn -0.144441 -0.329743 0.932956
vn 0.428452 0.429956 0.794711
vn 0.159618 0.060851 0.985302
vn -0.148296 -0.323153 0.934655
vn 0.428485 0.432978 0.793052
vn 0.157613 0.066219 0.985278
vn -0.151847 -0.316753 0.936274
vn 0.428514 0.436005 0.791376
vn 0.155764 0.071488 0.985204
vn -0.155123 -0.310532 0.937820
vn 0.428534 0.439041 0.789684
vn 0.154053 0.076668 0.985084
vn -0.158146 -0.304475 0.939300
vn 0.428543 0.442089 0.787978
vn 0.152467 0.081768 0.984920
vn -0.160938 -0.298571 0.940720
vn 0.428536 0.445150 0.786256
vn 0.150992 0.086796 0.984717
vn -0.163520 -0.292809 0.942085
vn 0.428508 0.448228 0.784521
vn 0.149615 0.091758 0.984477
vn -0.165909 -0.287178 0.943400
vn 0.428457 0.451325 0.782771
vn 0.148325 0.096662 0.984203
vn -0.168122 -0.281667 0.944669
vn 0.428379 0.454445 0.781007
vn 0.147112 0.101515 0.983897
vn -0.170173 -0.276269 0.945894
vn 0.428270 0.457589 0.779229
vn 0.145965 0.106323 0.983560
vn -0.172078 -0.270974 0.947081
vn 0.428126 0.460761 0.777437
vn 0.144874 0.111093 0.983194
vn -0.173848 -0.265775 0.948230
vn 0.427943 0.463962 0.775631
vn 0.143832 0.115829 0.982800
vn -0.175495 -0.260663 0.949345
vn 0.427719 0.467197 0.773811
vn 0.142829 0.120539 0.982380
vn -0.177030 -0.255631 0.950428
vn 0.427448 0.470468 0.771977
vn 0.141858 0.125228 0.981934
vn -0.178464 -0.250673 0.951480
vn 0.427128 0.473778 0.770128
vn 0.140911 0.129900 0.981463
vn -0.179807 -0.245781 0.952503
vn 0.426754 0.477129 0.768264
vn 0.139980 0.134562 0.980968
vn -0.181066 -0.240951 0.953498
vn 0.426321 0.480526 0.766385
vn 0.139058 0.139218 0.980450
vn -0.182252 -0.236175 0.954466
vn 0.425826 0.483970 0.764490
vn 0.138138 0.143874 0.979907
vn -0.183372 -0.231448 0.955409
vn 0.425265 0.487467 0.762579
vn 0.137213 0.148535 0.979342
vn -0.184433 -0.226764 0.956328
vn 0.424631 0.491018 0.760651
vn 0.136276 0.153205 0.978753
vn -0.185444 -0.222118 0.957222
vn 0.423920 0.494629 0.758706
vn 0.135319 0.157890 0.978141
vn -0.186412 -0.217505 0.958093
vn 0.423127 0.498302 0.756742
vn 0.134337 0.162596 0.977505
vn -0.187344 -0.212920 0.958941
vn 0.422245 0.502043 0.754760
vn 0.133320 0.167326 0.976846
vn -0.188246 -0.208357 0.959766
vn 0.421270 0.505854 0.752757
vn 0.132263 0.172087 0.976162
vn -0.189126 -0.203812 0.960569
vn 0.420194 0.509742 0.750733
vn 0.131158 0.176885 0.975453
vn -0.189990 -0.199280 0.961349
vn 0.419010 0.513710 0.748687
vn 0.129996 0.181724 0.974719
vn -0.190845 -0.194756 0.962106
vn 0.417711 0.517765 0.746617
vn 0.128770 0.186610 0.973958
vn -0.191698 -0.190234 0.962841
vn 0.416289 0.521911 0.744522
vn 0.127471 0.191549 0.973170
vn -0.192556 -0.185711 0.963553
vn 0.414735 0.526154 0.742399
vn 0.126090 0.196548 0.972353
vn -0.193426 -0.181180 0.964241
vn 0.413040 0.530501 0.740248
vn 0.124618 0.201613 0.971505
vn -0.194315 -0.176637 0.964905
vn 0.411193 0.534959 0.738065
vn 0.123044 0.206750 0.970626
vn -0.195230 -0.172077 0.965544
vn 0.409184 0.539533 0.735848
vn 0.121358 0.211968 0.969712
vn -0.196179 -0.167495 0.966157
vn 0.406999 0.544233 0.733595
vn 0.119549 0.217273 0.968762
vn -0.197171 -0.162884 0.966743
vn 0.404627 0.549067 0.731302
vn 0.117603 0.222673 0.967774
vn -0.198214 -0.158239 0.967301
vn 0.402052 0.554042 0.728966
vn 0.115508 0.228176 0.966744
vn -0.199317 -0.153555 0.967829
vn 0.399259 0.559170 0.726582
vn 0.113248 0.233793 0.965669
vn -0.200490 -0.148825 0.968326
vn 0.396230 0.564459 0.724146
vn 0.110808 0.239531 0.964545
vn -0.201743 -0.144042 0.968789
vn 0.392945 0.569921 0.721653
vn 0.108171 0.245402 0.963367
vn -0.203087 -0.139200 0.969216
vn 0.389384 0.575568 0.719097
vn 0.105317 0.251416 0.962132
vn -0.204535 -0.134292 0.969604
vn 0.385523 0.581413 0.716471
vn 0.102226 0.257585 0.960833
vn -0.206100 -0.129309 0.969949
vn 0.381335 0.587470 0.713767
vn 0.098873 0.263921 0.959463
vn -0.207796 -0.124245 0.970250
vn 0.376791 0.593753 0.710976
vn 0.095235 0.270438 0.958016
vn -0.209638 -0.119089 0.970500
vn 0.371858 0.600278 0.708087
vn 0.091281 0.277150 0.956481
vn -0.211646 -0.113834 0.970695
vn 0.366501 0.607063 0.705090
vn 0.086979 0.284073 0.954849
vn -0.213837 -0.108469 0.970829
vn 0.360676 0.614127 0.701969
vn 0.082296 0.291222 0.953109
vn -0.216234 -0.102984 0.970895
vn 0.354340 0.621490 0.698709
vn 0.077189 0.298617 0.951246
vn -0.218861 -0.097367 0.970886
vn 0.347439 0.629173 0.695290
vn 0.071614 0.306276 0.949245
vn -0.221745 -0.091608 0.970792
vn 0.339913 0.637199 0.691691
vn 0.065519 0.314219 0.947087
vn -0.224916 -0.085692 0.970603
vn 0.331697 0.645593 0.687885
vn 0.058848 0.322469 0.944749
vn -0.228409 -0.079607 0.970305
vn 0.322713 0.654381 0.683843
vn 0.051534 0.331047 0.942206
vn -0.232263 -0.073339 0.969884
vn 0.312875 0.663590 0.679527
vn 0.043502 0.339978 0.939427
vn -0.236523 -0.066872 0.969322
vn 0.302083 0.673249 0.674894
vn 0.034666 0.349287 0.936374
vn -0.241239 -0.060192 0.968597
vn 0.290222 0.683385 0.669893
vn 0.024928 0.358999 0.933005
vn -0.246469 -0.053282 0.967685
vn 0.277161 0.694026 0.664462
vn 0.014176 0.369138 0.929266
vn -0.252280 -0.046127 0.966554
vn 0.262748 0.705200 0.658526
vn 0.002278 0.379729 0.925095
vn -0.258750 -0.038712 0.965168
vn 0.246809 0.716929 0.651996
vn -0.010915 0.390793 0.920414
vn -0.265966 -0.031023 0.963483
vn 0.229142 0.729230 0.644762
vn -0.025575 0.402344 0.915131
vn -0.274032 -0.023049 0.961444
vn 0.209514 0.742109 0.636693
vn -0.041905 0.414391 0.909134
vn -0.283064 -0.014785 0.958987
vn 0.187658 0.755559 0.627627
vn -0.060132 0.426928 0.902284
vn -0.293199 -0.006230 0.956031
vn 0.163264 0.769547 0.617367
vn -0.080523 0.439930 0.894415
vn -0.304595 0.002603 0.952479
vn 0.135983 0.784008 0.605674
vn -0.103378 0.453343 0.885321
vn -0.317428 0.011685 0.948210
vn 0.105419 0.798825 0.592255
vn -0.129039 0.467073 0.874753
vn -0.331903 0.020965 0.943080
vn 0.071132 0.813814 0.576756
vn -0.157884 0.480963 0.862408
vn -0.348244 0.030356 0.936912
vn 0.032650 0.828692 0.558751
vn -0.190322 0.494779 0.847922
vn -0.366697 0.039726 0.929492
vn -0.010518 0.843047 0.537737
vn -0.226779 0.508170 0.830863
vn -0.387517 0.048876 0.920566
vn -0.058842 0.856292 0.513129
vn -0.267664 0.520643 0.810732
vn -0.410953 0.057523 0.909840
vn -0.112712 0.867625 0.484276
vn -0.313323 0.531517 0.786968
vn -0.437221 0.065276 0.896982
vn -0.172349 0.875985 0.450495
vn -0.363957 0.539893 0.758980
vn -0.466456 0.071616 0.881641
vn -0.237444 0.880046 0.411266
vn -0.419335 0.544639 0.726310
vn -0.498558 0.075886 0.863528
vn -0.301351 0.878833 0.369919
vn -0.473893 0.544916 0.691731
vn -0.530410 0.077584 0.844183
vn -0.357851 0.873316 0.330548
vn -0.522393 0.541519 0.658683
vn -0.559034 0.077140 0.825548
vn -0.407232 0.864819 0.293685
vn -0.565046 0.535552 0.627620
vn -0.584518 0.075163 0.807892
vn -0.450187 0.854400 0.259484
vn -0.602405 0.527899 0.598691
vn -0.607133 0.072149 0.791318
vn -0.487469 0.842863 0.227938
vn -0.635076 0.519235 0.571903
vn -0.627194 0.068480 0.775847
vn -0.519813 0.830794 0.198935
vn -0.663656 0.510058 0.547176
vn -0.645012 0.064442 0.761450
vn -0.547896 0.818609 0.172305
vn -0.688698 0.500720 0.524379
vn -0.660884 0.060238 0.748067
vn -0.572320 0.806591 0.147854
vn -0.710698 0.491466 0.503358
vn -0.675073 0.056013 0.735622
vn -0.593609 0.794926 0.125383
vn -0.730086 0.482457 0.483952
vn -0.687813 0.051865 0.724032
vn -0.612211 0.783732 0.104695
vn -0.747233 0.473797 0.466004
vn -0.699306 0.047859 0.713218
vn -0.628509 0.773076 0.085610
vn -0.762455 0.465546 0.449366
vn -0.709725 0.044034 0.703102
vn -0.642825 0.762992 0.067960
vn -0.776019 0.457737 0.433903
vn -0.719216 0.040413 0.693611
vn -0.655433 0.753489 0.051595
vn -0.788152 0.450382 0.419491
vn -0.727904 0.037007 0.684680
vn -0.666562 0.744561 0.036381
vn -0.799045 0.443480 0.406020
vn -0.735895 0.033819 0.676251
vn -0.676407 0.736194 0.022200
vn -0.808861 0.437018 0.393393
vn -0.743279 0.030846 0.668270
vn -0.685132 0.728364 0.008944
vn -0.817738 0.430983 0.381522
vn -0.750133 0.028081 0.660691
vn -0.692878 0.721047 -0.003479
vn -0.825790 0.425353 0.370332
vn -0.756521 0.025517 0.653472
vn -0.699762 0.714215 -0.015150
vn -0.833119 0.420108 0.359752
vn -0.762500 0.023143 0.646575
vn -0.705888 0.707841 -0.026143
vn -0.839810 0.415225 0.349725
vn -0.768116 0.020949 0.639967
vn -0.711342 0.701897 -0.036521
vn -0.845934 0.410685 0.340196
vn -0.773412 0.018923 0.633621
vn -0.716198 0.696357 -0.046341
vn -0.851556 0.406464 0.331118
vn -0.778423 0.017055 0.627508
vn -0.720522 0.691196 -0.055653
vn -0.856729 0.402543 0.322450
vn -0.783179 0.015334 0.621607
vn -0.724368 0.686389 -0.064502
vn -0.861500 0.398903 0.314155
vn -0.787708 0.013751 0.615896
vn -0.727786 0.681916 -0.072926
vn -0.865911 0.395525 0.306200
vn -0.792031 0.012295 0.610357
vn -0.730817 0.677755 -0.080961
vn -0.869997 0.392392 0.298554
vn -0.796171 0.010958 0.604973
vn -0.733499 0.673886 -0.088639
vn -0.873788 0.389488 0.291193
vn -0.800144 0.009730 0.599729
vn -0.735864 0.670292 -0.095986
vn -0.877313 0.386799 0.284091
vn -0.803966 0.008604 0.594613
vn -0.737939 0.666956 -0.103028
vn -0.880596 0.384311 0.277229
vn -0.807652 0.007572 0.589610
vn -0.739751 0.663863 -0.109787
vn -0.883658 0.382010 0.270587
vn -0.811214 0.006627 0.584712
vn -0.741322 0.660999 -0.116283
vn -0.886518 0.379885 0.264148
vn -0.814663 0.005762 0.579906
vn -0.742670 0.658351 -0.122535
vn -0.889192 0.377925 0.257896
vn -0.818008 0.004970 0.575185
vn -0.743814 0.655907 -0.128558
vn -0.891696 0.376120 0.251818
vn -0.821259 0.004247 0.570539
vn -0.744769 0.653655 -0.134366
vn -0.894043 0.374461 0.245900
vn -0.824424 0.003585 0.565961
vn -0.745548 0.651587 -0.139974
vn -0.896245 0.372938 0.240131
vn -0.827509 0.002980 0.561444
vn -0.746164 0.649692 -0.145392
vn -0.898312 0.371543 0.234502
vn -0.830522 0.002428 0.556981
vn -0.746629 0.647963 -0.150631
vn -0.900255 0.370270 0.229001
vn -0.833467 0.001922 0.552565
vn -0.746951 0.646391 -0.155702
vn -0.902082 0.369110 0.223620
vn -0.836351 0.001459 0.548192
vn -0.747140 0.644969 -0.160611
vn -0.903801 0.368058 0.218352
vn -0.839179 0.001034 0.543854
vn -0.747204 0.643692 -0.165368
vn -0.905418 0.367108 0.213188
vn -0.841955 0.000643 0.539548
vn -0.747150 0.642553 -0.169979
vn -0.906942 0.366254 0.208122
vn -0.844682 0.000283 0.535268
vn -0.746984 0.641546 -0.174450
vn -0.908376 0.365490 0.203149
vn -0.847366 -0.000050 0.531010
vn -0.746713 0.640668 -0.178787
vn -0.909727 0.364813 0.198261
vn -0.850009 -0.000361 0.526768
vn -0.746340 0.639913 -0.182994
vn -0.911000 0.364217 0.193455
vn -0.852615 -0.000652 0.522539
vn -0.745872 0.639279 -0.187077
vn -0.912199 0.363699 0.188724
vn -0.855187 -0.000927 0.518318
vn -0.745312 0.638760 -0.191038
vn -0.913327 0.363254 0.184065
vn -0.857729 -0.001190 0.514101
vn -0.744664 0.638355 -0.194881
vn -0.914390 0.362879 0.179472
vn -0.860242 -0.001443 0.509885
vn -0.743930 0.638061 -0.198609
vn -0.915389 0.362570 0.174944
vn -0.862729 -0.001691 0.505664
vn -0.743115 0.637875 -0.202224
vn -0.916329 0.362325 0.170474
vn -0.865193 -0.001935 0.501435
vn -0.742221 0.637796 -0.205728
vn -0.917212 0.362140 0.166061
vn -0.867637 -0.002180 0.497193
vn -0.741250 0.637821 -0.209122
vn -0.918041 0.362014 0.161702
vn -0.870063 -0.002428 0.492935
vn -0.740204 0.637951 -0.212407
vn -0.918818 0.361942 0.157392
vn -0.872472 -0.002683 0.488656
vn -0.739085 0.638183 -0.215584
vn -0.919545 0.361923 0.153130
vn -0.874868 -0.002948 0.484352
vn -0.737894 0.638517 -0.218652
vn -0.920225 0.361955 0.148913
vn -0.877252 -0.003226 0.480018
vn -0.736632 0.638954 -0.221611
vn -0.920859 0.362036 0.144738
vn -0.879627 -0.003521 0.475651
vn -0.735300 0.639493 -0.224461
vn -0.921449 0.362164 0.140604
vn -0.881995 -0.003836 0.471243
vn -0.733899 0.640135 -0.227199
vn -0.921997 0.362337 0.136507
vn -0.884357 -0.004174 0.466792
vn -0.732430 0.640880 -0.229825
vn -0.922504 0.362553 0.132447
vn -0.886717 -0.004540 0.462291
vn -0.730892 0.641730 -0.232334
vn -0.922971 0.362811 0.128421
vn -0.889075 -0.004937 0.457734
vn -0.729286 0.642687 -0.234726
vn -0.923401 0.363110 0.124427
vn -0.891435 -0.005369 0.453116
vn -0.727610 0.643752 -0.236995
vn -0.923793 0.363448 0.120465
vn -0.893799 -0.005840 0.448430
vn -0.725866 0.644928 -0.239137
vn -0.924149 0.363825 0.116531
vn -0.896168 -0.006355 0.443668
vn -0.724051 0.646218 -0.241148
vn -0.924470 0.364240 0.112626
vn -0.898546 -0.006917 0.438824
vn -0.722166 0.647625 -0.243021
vn -0.924757 0.364691 0.108747
vn -0.900935 -0.007532 0.433889
vn -0.720208 0.649152 -0.244749
vn -0.925010 0.365177 0.104893
vn -0.903337 -0.008205 0.428853
vn -0.718176 0.650805 -0.246326
vn -0.925230 0.365700 0.101063
vn -0.905755 -0.008941 0.423707
vn -0.716069 0.652587 -0.247741
vn -0.925417 0.366256 0.097256
vn -0.908192 -0.009746 0.418441
vn -0.713884 0.654505 -0.248986
vn -0.925573 0.366848 0.093470
vn -0.910650 -0.010626 0.413041
vn -0.711618 0.656564 -0.250047
vn -0.925698 0.367474 0.089706
vn -0.913134 -0.011587 0.407495
vn -0.709270 0.658771 -0.250912
vn -0.925791 0.368134 0.085962
vn -0.915645 -0.012636 0.401789
vn -0.706836 0.661133 -0.251566
vn -0.925853 0.368828 0.082236
vn -0.918188 -0.013780 0.395904
vn -0.704312 0.663660 -0.251991
vn -0.925884 0.369557 0.078530
vn -0.920767 -0.015027 0.389825
vn -0.701696 0.666359 -0.252169
vn -0.925884 0.370321 0.074842
vn -0.923384 -0.016385 0.383528
vn -0.698981 0.669241 -0.252076
vn -0.925853 0.371120 0.071171
vn -0.926044 -0.017863 0.376992
vn -0.696165 0.672316 -0.251686
vn -0.925791 0.371957 0.067518
vn -0.928752 -0.019470 0.370191
vn -0.693241 0.675596 -0.250971
vn -0.925698 0.372831 0.063882
vn -0.931511 -0.021217 0.363093
vn -0.690205 0.679095 -0.249895
vn -0.925572 0.373744 0.060263
vn -0.934327 -0.023112 0.355667
vn -0.687050 0.682825 -0.248420
vn -0.925414 0.374699 0.056662
vn -0.937204 -0.025167 0.347872
vn -0.683769 0.686802 -0.246501
vn -0.925222 0.375696 0.053080
vn -0.940147 -0.027393 0.339666
vn -0.680358 0.691040 -0.244085
vn -0.924995 0.376739 0.049518
vn -0.943161 -0.029801 0.330996
vn -0.676807 0.695556 -0.241110
vn -0.924732 0.377831 0.045976
vn -0.946251 -0.032401 0.321806
vn -0.673111 0.700366 -0.237506
vn -0.924433 0.378974 0.042458
vn -0.949421 -0.035203 0.312027
vn -0.669263 0.705486 -0.233189
vn -0.924094 0.380174 0.038966
vn -0.952674 -0.038217 0.301581
vn -0.665256 0.710931 -0.228061
vn -0.923713 0.381435 0.035505
vn -0.956014 -0.041449 0.290378
vn -0.661085 0.716714 -0.222009
vn -0.923289 0.382763 0.032079
vn -0.959440 -0.044901 0.278313
vn -0.656747 0.722843 -0.214898
vn -0.922819 0.384164 0.028695
vn -0.962952 -0.048571 0.265262
vn -0.652242 0.729321 -0.206570
vn -0.922298 0.385646 0.025362
vn -0.966543 -0.052449 0.251084
vn -0.647576 0.736139 -0.196840
vn -0.921724 0.387216 0.022091
vn -0.970202 -0.056510 0.235614
vn -0.642759 0.743272 -0.185491
vn -0.921092 0.388885 0.018898
vn -0.973910 -0.060715 0.218661
vn -0.637815 0.750675 -0.172273
vn -0.920398 0.390663 0.015802
vn -0.977636 -0.064998 0.200009
vn -0.632783 0.758267 -0.156897
vn -0.919637 0.392559 0.012828
vn -0.981333 -0.069262 0.179412
vn -0.627721 0.765922 -0.139034
vn -0.918805 0.394585 0.010007
vn -0.984934 -0.073361 0.156599
vn -0.622718 0.773447 -0.118327
vn -0.917897 0.396749 0.007381
vn -0.988343 -0.077087 0.131282
vn -0.617903 0.780567 -0.094394
vn -0.916912 0.399058 0.005001
vn -0.991429 -0.080155 0.103172
vn -0.613454 0.786895 -0.066863
vn -0.915849 0.401511 0.002930
vn -0.994013 -0.082176 0.072005
vn -0.609605 0.791914 -0.035415
vn -0.914714 0.404099 0.001242
vn -0.995869 -0.082652 0.037595
vn -0.606659 0.794962 -0.000000
vn -0.913519 0.406797 -0.000000
vn -0.996717 -0.080967 -0.000000
vn -0.604842 0.795539 0.035818
vn -0.912281 0.409564 -0.000786
vn -0.996361 -0.076686 -0.037197
vn -0.603962 0.794073 0.068400
vn -0.911021 0.412358 -0.001192
vn -0.995031 -0.070317 -0.070492
vn -0.603739 0.791176 0.097676
vn -0.909752 0.415149 -0.001292
vn -0.993027 -0.062520 -0.099944
vn -0.603949 0.787340 0.123860
vn -0.908483 0.417920 -0.001132
vn -0.990589 -0.053821 -0.125847
vn -0.604420 0.782943 0.147231
vn -0.907218 0.420660 -0.000755
vn -0.987897 -0.044614 -0.148557
vn -0.605024 0.778261 0.168094
vn -0.905959 0.423365 -0.000197
vn -0.985084 -0.035185 -0.168439
vn -0.605669 0.773493 0.186745
vn -0.904707 0.426033 0.000513
vn -0.982242 -0.025734 -0.185845
vn -0.606290 0.768776 0.203459
vn -0.903462 0.428667 0.001346
vn -0.979434 -0.016395 -0.201097
vn -0.606846 0.764200 0.218486
vn -0.902221 0.431267 0.002282
vn -0.976701 -0.007255 -0.214481
vn -0.607308 0.759825 0.232042
vn -0.900985 0.433838 0.003302
vn -0.974069 0.001633 -0.226246
vn -0.607659 0.755685 0.244319
vn -0.899750 0.436384 0.004392
vn -0.971551 0.010241 -0.236610
vn -0.607889 0.751799 0.255479
vn -0.898515 0.438908 0.005538
vn -0.969153 0.018557 -0.245759
vn -0.607994 0.748175 0.265665
vn -0.897279 0.441414 0.006731
vn -0.966878 0.026579 -0.253851
vn -0.607973 0.744813 0.274996
vn -0.896039 0.443905 0.007961
vn -0.964722 0.034314 -0.261023
vn -0.607828 0.741707 0.283576
vn -0.894794 0.446385 0.009221
vn -0.962682 0.041772 -0.267392
vn -0.607563 0.738850 0.291493
vn -0.893542 0.448857 0.010504
vn -0.960751 0.048968 -0.273057
vn -0.607180 0.736231 0.298823
vn -0.892282 0.451324 0.011805
vn -0.958922 0.055917 -0.278104
vn -0.606686 0.733840 0.305632
vn -0.891013 0.453789 0.013119
vn -0.957189 0.062633 -0.282606
vn -0.606083 0.731666 0.311975
vn -0.889733 0.456253 0.014442
vn -0.955544 0.069135 -0.286628
vn -0.605379 0.729696 0.317901
vn -0.888440 0.458721 0.015769
vn -0.953981 0.075435 -0.290224
vn -0.604576 0.727920 0.323452
vn -0.887135 0.461193 0.017098
vn -0.952492 0.081551 -0.293442
vn -0.603680 0.726327 0.328664
vn -0.885815 0.463673 0.018426
vn -0.951071 0.087496 -0.296324
vn -0.602695 0.724908 0.333569
vn -0.884479 0.466162 0.019749
vn -0.949712 0.093283 -0.298906
vn -0.601624 0.723652 0.338194
vn -0.883127 0.468661 0.021065
vn -0.948409 0.098926 -0.301221
vn -0.600472 0.722553 0.342564
vn -0.881756 0.471174 0.022372
vn -0.947156 0.104436 -0.303297
vn -0.599242 0.721601 0.346700
vn -0.880367 0.473702 0.023668
vn -0.945947 0.109824 -0.305159
vn -0.597937 0.720789 0.350620
vn -0.878958 0.476246 0.024950
vn -0.944779 0.115102 -0.306829
vn -0.596560 0.720111 0.354340
vn -0.877528 0.478809 0.026215
vn -0.943646 0.120278 -0.308328
vn -0.595113 0.719560 0.357875
vn -0.876075 0.481392 0.027463
vn -0.942543 0.125363 -0.309672
vn -0.593599 0.719130 0.361236
vn -0.874599 0.483997 0.028691
vn -0.941467 0.130365 -0.310878
vn -0.592019 0.718818 0.364436
vn -0.873099 0.486626 0.029897
vn -0.940413 0.135291 -0.311961
vn -0.590376 0.718618 0.367484
vn -0.871572 0.489281 0.031080
vn -0.939378 0.140150 -0.312934
vn -0.588670 0.718526 0.370388
vn -0.870019 0.491963 0.032236
vn -0.938357 0.144949 -0.313808
vn -0.586904 0.718539 0.373156
vn -0.868438 0.494674 0.033365
vn -0.937348 0.149695 -0.314594
vn -0.585078 0.718654 0.375794
vn -0.866827 0.497416 0.034464
vn -0.936347 0.154394 -0.315304
vn -0.583192 0.718867 0.378308
vn -0.865185 0.500192 0.035531
vn -0.935351 0.159053 -0.315946
vn -0.581249 0.719176 0.380703
vn -0.863511 0.503003 0.036564
vn -0.934355 0.163677 -0.316528
vn -0.579248 0.719580 0.382984
vn -0.861803 0.505851 0.037560
vn -0.933358 0.168272 -0.317059
vn -0.577189 0.720076 0.385153
vn -0.860059 0.508739 0.038518
vn -0.932357 0.172844 -0.317547
vn -0.575072 0.720664 0.387215
vn -0.858278 0.511668 0.039436
vn -0.931347 0.177398 -0.317999
vn -0.572898 0.721342 0.389171
vn -0.856457 0.514642 0.040309
vn -0.930326 0.181939 -0.318421
vn -0.570666 0.722109 0.391023
vn -0.854596 0.517662 0.041137
vn -0.929291 0.186473 -0.318821
vn -0.568376 0.722965 0.392774
vn -0.852691 0.520731 0.041916
vn -0.928238 0.191004 -0.319204
vn -0.566025 0.723910 0.394423
vn -0.850741 0.523853 0.042643
vn -0.927165 0.195538 -0.319577
vn -0.563615 0.724944 0.395973
vn -0.848743 0.527029 0.043316
vn -0.926069 0.200079 -0.319946
vn -0.561143 0.726067 0.397422
vn -0.846694 0.530263 0.043931
vn -0.924945 0.204632 -0.320317
vn -0.558609 0.727281 0.398772
vn -0.844592 0.533559 0.044484
vn -0.923791 0.209202 -0.320695
vn -0.556009 0.728586 0.400020
vn -0.842434 0.536919 0.044972
vn -0.922602 0.213795 -0.321087
vn -0.553343 0.729984 0.401167
vn -0.840217 0.540347 0.045391
vn -0.921376 0.218414 -0.321497
vn -0.550609 0.731476 0.402211
vn -0.837937 0.543847 0.045738
vn -0.920109 0.223066 -0.321934
vn -0.547803 0.733064 0.403150
vn -0.835590 0.547424 0.046006
vn -0.918795 0.227756 -0.322401
vn -0.544923 0.734750 0.403982
vn -0.833172 0.551081 0.046193
vn -0.917432 0.232488 -0.322906
vn -0.541966 0.736538 0.404704
vn -0.830679 0.554824 0.046291
vn -0.916013 0.237269 -0.323455
vn -0.538928 0.738430 0.405313
vn -0.828106 0.558656 0.046297
vn -0.914535 0.242104 -0.324054
vn -0.535805 0.740429 0.405806
vn -0.825448 0.562584 0.046204
vn -0.912992 0.247000 -0.324710
vn -0.532593 0.742539 0.406178
vn -0.822698 0.566614 0.046005
vn -0.911378 0.251961 -0.325431
vn -0.529287 0.744765 0.406424
vn -0.819851 0.570750 0.045694
vn -0.909688 0.256996 -0.326223
vn -0.525881 0.747110 0.406541
vn -0.816900 0.575001 0.045263
vn -0.907913 0.262111 -0.327096
vn -0.522370 0.749581 0.406520
vn -0.813836 0.579372 0.044704
vn -0.906048 0.267313 -0.328057
vn -0.518745 0.752182 0.406357
vn -0.810652 0.583871 0.044008
vn -0.904084 0.272609 -0.329115
vn -0.515001 0.754919 0.406043
vn -0.807339 0.588508 0.043165
vn -0.902012 0.278008 -0.330281
vn -0.511127 0.757800 0.405571
vn -0.803885 0.593289 0.042165
vn -0.899823 0.283519 -0.331565
vn -0.507115 0.760832 0.404930
vn -0.800279 0.598225 0.040995
vn -0.897507 0.289151 -0.332977
vn -0.502955 0.764022 0.404112
vn -0.796509 0.603325 0.039644
vn -0.895051 0.294913 -0.334530
vn -0.498633 0.767379 0.403105
vn -0.792561 0.608601 0.038097
vn -0.892443 0.300816 -0.336238
vn -0.494138 0.770914 0.401896
vn -0.788419 0.614064 0.036339
vn -0.889668 0.306871 -0.338115
vn -0.489453 0.774635 0.400471
vn -0.784065 0.619728 0.034353
vn -0.886710 0.313090 -0.340177
vn -0.484562 0.778554 0.398815
vn -0.779478 0.625605 0.032119
vn -0.883551 0.319487 -0.342441
vn -0.479446 0.782683 0.396911
vn -0.774638 0.631711 0.029618
vn -0.880172 0.326074 -0.344926
vn -0.474083 0.787037 0.394739
vn -0.769518 0.638062 0.026827
vn -0.876548 0.332867 -0.347654
vn -0.468448 0.791628 0.392278
vn -0.764089 0.644674 0.023719
vn -0.872655 0.339882 -0.350647
vn -0.462514 0.796472 0.389504
vn -0.758320 0.651567 0.020266
vn -0.868463 0.347136 -0.353933
vn -0.456249 0.801586 0.386389
vn -0.752173 0.658761 0.016437
vn -0.863939 0.354648 -0.357540
vn -0.449615 0.806989 0.382904
vn -0.745605 0.666277 0.012195
vn -0.859044 0.362437 -0.361500
vn -0.442572 0.812698 0.379014
vn -0.738568 0.674138 0.007500
vn -0.853736 0.370525 -0.365850
vn -0.435071 0.818735 0.374681
vn -0.731005 0.682368 0.002308
vn -0.847964 0.378933 -0.370631
vn -0.427056 0.825122 0.369861
vn -0.722853 0.690993 -0.003433
vn -0.841670 0.387686 -0.375887
vn -0.418462 0.831880 0.364507
vn -0.714035 0.700042 -0.009779
vn -0.834788 0.396808 -0.381671
vn -0.409214 0.839034 0.358561
vn -0.704465 0.709540 -0.016796
vn -0.827238 0.406326 -0.388041
vn -0.399223 0.846607 0.351962
vn -0.694040 0.719517 -0.024556
vn -0.818931 0.416265 -0.395063
vn -0.388388 0.854622 0.344639
vn -0.682641 0.730002 -0.033143
vn -0.809761 0.426651 -0.402811
vn -0.376585 0.863101 0.336511
vn -0.670128 0.741019 -0.042650
vn -0.799601 0.437509 -0.411369
vn -0.363674 0.872063 0.327487
vn -0.656336 0.752592 -0.053184
vn -0.788304 0.448860 -0.420834
vn -0.349484 0.881520 0.317464
vn -0.641069 0.764738 -0.064865
vn -0.775697 0.460721 -0.431313
vn -0.333818 0.891477 0.306326
vn -0.624095 0.777462 -0.077828
vn -0.761573 0.473098 -0.442927
vn -0.316437 0.901923 0.293943
vn -0.605142 0.790757 -0.092226
vn -0.745688 0.485987 -0.455814
vn -0.297063 0.912829 0.280172
vn -0.583885 0.804590 -0.108225
vn -0.727753 0.499359 -0.470124
vn -0.275364 0.924135 0.264855
vn -0.559941 0.818894 -0.126009
vn -0.707424 0.513160 -0.486023
vn -0.250952 0.935738 0.247827
vn -0.532857 0.833554 -0.145776
vn -0.684300 0.527287 -0.503688
vn -0.223375 0.947472 0.228913
vn -0.502109 0.848383 -0.167727
vn -0.657910 0.541581 -0.523302
vn -0.192110 0.959089 0.207948
vn -0.467090 0.863099 -0.192060
vn -0.627710 0.555792 -0.545046
vn -0.156574 0.970225 0.184790
vn -0.427119 0.877287 -0.218946
vn -0.593091 0.569558 -0.569076
vn -0.116131 0.980369 0.159344
vn -0.381456 0.890359 -0.248499
vn -0.553387 0.582359 -0.595501
vn -0.070137 0.988817 0.131609
vn -0.329342 0.901512 -0.280732
vn -0.507914 0.593484 -0.624340
vn -0.017995 0.994650 0.101727
vn -0.270077 0.909684 -0.315490
vn -0.456035 0.601996 -0.655464
vn 0.040516 0.996711 0.070176
vn -0.203368 0.913545 -0.352244
vn -0.397461 0.606712 -0.688423
vn 0.099890 0.994171 0.040567
vn -0.135448 0.912124 -0.386889
vn -0.337624 0.606757 -0.719622
vn 0.154271 0.987902 0.015827
vn -0.072991 0.906394 -0.416080
vn -0.282382 0.602969 -0.746116
vn 0.203408 0.979084 -0.004520
vn -0.016308 0.897686 -0.440335
vn -0.232031 0.596503 -0.768340
vn 0.247520 0.968653 -0.021094
vn 0.034816 0.887061 -0.460337
vn -0.186412 0.588286 -0.786874
vn 0.286975 0.957317 -0.034481
vn 0.080771 0.875326 -0.476739
vn -0.145208 0.579024 -0.802275
vn 0.322207 0.945589 -0.045206
vn 0.122026 0.863068 -0.490125
vn -0.108031 0.569238 -0.815044
vn 0.353662 0.933829 -0.053720
vn 0.159069 0.850704 -0.500999
vn -0.074469 0.559296 -0.825616
vn 0.381770 0.922282 -0.060402
vn 0.192375 0.838515 -0.509788
vn -0.044120 0.549451 -0.834360
vn 0.406927 0.911104 -0.065569
vn 0.222381 0.826690 -0.516846
vn -0.016612 0.539873 -0.841582
vn 0.429490 0.900395 -0.069479
vn 0.249483 0.815344 -0.522467
vn 0.008393 0.530669 -0.847538
vn 0.449774 0.890207 -0.072346
vn 0.274032 0.804545 -0.526891
vn 0.031196 0.521902 -0.852435
vn 0.468054 0.880567 -0.074344
vn 0.296335 0.794325 -0.530315
vn 0.052062 0.513604 -0.856446
vn 0.484570 0.871478 -0.075616
vn 0.316660 0.784693 -0.532901
vn 0.071221 0.505788 -0.859713
vn 0.499529 0.862932 -0.076278
vn 0.335240 0.775644 -0.534781
vn 0.088873 0.498451 -0.862351
vn 0.513111 0.854913 -0.076427
vn 0.352277 0.767161 -0.536064
vn 0.105194 0.491581 -0.864455
vn 0.525472 0.847397 -0.076141
vn 0.367945 0.759221 -0.536842
vn 0.120332 0.485162 -0.866105
vn 0.536745 0.840361 -0.075487
vn 0.382395 0.751800 -0.537188
vn 0.134421 0.479172 -0.867367
vn 0.547046 0.833779 -0.074519
vn 0.395758 0.744869 -0.537165
vn 0.147574 0.473589 -0.868294
vn 0.556478 0.827624 -0.073281
vn 0.408148 0.738400 -0.536824
vn 0.159889 0.468390 -0.868934
vn 0.565128 0.821872 -0.071813
vn 0.419665 0.732367 -0.536209
vn 0.171454 0.463553 -0.869323
vn 0.573073 0.816497 -0.070145
vn 0.430396 0.726741 -0.535357
vn 0.182343 0.459053 -0.869495
vn 0.580378 0.811477 -0.068305
vn 0.440415 0.721499 -0.534298
vn 0.192624 0.454872 -0.869476
vn 0.587104 0.806791 -0.066316
vn 0.449791 0.716615 -0.533058
vn 0.202354 0.450987 -0.869289
vn 0.593300 0.802417 -0.064197
vn 0.458581 0.712068 -0.531661
vn 0.211585 0.447380 -0.868955
vn 0.599014 0.798338 -0.061964
vn 0.466837 0.707836 -0.530124
vn 0.220361 0.444032 -0.868491
vn 0.604284 0.794535 -0.059632
vn 0.474604 0.703901 -0.528464
vn 0.228724 0.440928 -0.867910
vn 0.609145 0.790992 -0.057213
vn 0.481923 0.700244 -0.526696
vn 0.236709 0.438051 -0.867225
vn 0.613629 0.787696 -0.054718
vn 0.488830 0.696848 -0.524832
vn 0.244348 0.435388 -0.866448
vn 0.617764 0.784632 -0.052156
vn 0.495356 0.693699 -0.522881
vn 0.251668 0.432923 -0.865587
vn 0.621573 0.781789 -0.049534
vn 0.501530 0.690781 -0.520854
vn 0.258696 0.430647 -0.864650
vn 0.625079 0.779154 -0.046860
vn 0.507378 0.688083 -0.518757
vn 0.265453 0.428546 -0.863645
vn 0.628301 0.776717 -0.044139
vn 0.512922 0.685592 -0.516599
vn 0.271962 0.426610 -0.862578
vn 0.631256 0.774470 -0.041378
vn 0.518182 0.683297 -0.514386
vn 0.278239 0.424829 -0.861454
vn 0.633960 0.772403 -0.038581
vn 0.523176 0.681188 -0.512122
vn 0.284301 0.423194 -0.860279
vn 0.636425 0.770509 -0.035751
vn 0.527922 0.679256 -0.509813
vn 0.290164 0.421698 -0.859055
vn 0.638665 0.768781 -0.032894
vn 0.532432 0.677493 -0.507463
vn 0.295841 0.420331 -0.857788
vn 0.640690 0.767213 -0.030012
vn 0.536721 0.675891 -0.505076
vn 0.301345 0.419087 -0.856480
vn 0.642509 0.765799 -0.027108
vn 0.540801 0.674443 -0.502655
vn 0.306686 0.417960 -0.855134
vn 0.644130 0.764534 -0.024185
vn 0.544681 0.673142 -0.500202
vn 0.311875 0.416942 -0.853753
vn 0.645561 0.763413 -0.021246
vn 0.548372 0.671983 -0.497722
vn 0.316921 0.416028 -0.852339
vn 0.646809 0.762433 -0.018293
vn 0.551881 0.670961 -0.495217
vn 0.321833 0.415214 -0.850894
vn 0.647878 0.761590 -0.015327
vn 0.555216 0.670070 -0.492688
vn 0.326618 0.414494 -0.849421
vn 0.648773 0.760882 -0.012352
vn 0.558385 0.669307 -0.490137
vn 0.331284 0.413863 -0.847920
vn 0.649498 0.760306 -0.009368
vn 0.561392 0.668668 -0.487568
vn 0.335837 0.413317 -0.846394
vn 0.650056 0.759860 -0.006378
vn 0.564243 0.668150 -0.484981
vn 0.340283 0.412853 -0.844843
vn 0.650449 0.759543 -0.003383
vn 0.566942 0.667749 -0.482378
vn 0.344628 0.412467 -0.843269
vn 0.650679 0.759353 -0.000385
vn 0.569493 0.667464 -0.479760
vn 0.348876 0.412156 -0.841673
vn 0.650747 0.759290 0.002614
vn 0.571900 0.667291 -0.477130
vn 0.353031 0.411916 -0.840056
vn 0.650653 0.759354 0.005613
vn 0.574164 0.667230 -0.474488
vn 0.357100 0.411745 -0.838418
vn 0.650398 0.759545 0.008611
vn 0.576289 0.667280 -0.471836
vn 0.361084 0.411641 -0.836762
vn 0.649979 0.759864 0.011606
vn 0.578274 0.667438 -0.469176
vn 0.364988 0.411600 -0.835087
vn 0.649395 0.760311 0.014595
vn 0.580122 0.667704 -0.466508
vn 0.368814 0.411620 -0.833393
vn 0.648644 0.760889 0.017578
vn 0.581832 0.668079 -0.463834
vn 0.372567 0.411701 -0.831683
vn 0.647723 0.761598 0.020553
vn 0.583404 0.668563 -0.461155
vn 0.376248 0.411839 -0.829956
vn 0.646628 0.762443 0.023518
vn 0.584838 0.669155 -0.458472
vn 0.379859 0.412034 -0.828212
vn 0.645354 0.763424 0.026470
vn 0.586131 0.669856 -0.455788
vn 0.383403 0.412284 -0.826453
vn 0.643897 0.764547 0.029408
vn 0.587283 0.670669 -0.453103
vn 0.386882 0.412587 -0.824678
vn 0.642248 0.765814 0.032330
vn 0.588290 0.671594 -0.450419
vn 0.390297 0.412944 -0.822889
vn 0.640403 0.767231 0.035232
vn 0.589148 0.672633 -0.447737
vn 0.393650 0.413352 -0.821085
vn 0.638351 0.768802 0.038112
vn 0.589855 0.673790 -0.445060
vn 0.396942 0.413811 -0.819267
vn 0.636083 0.770532 0.040968
vn 0.590404 0.675066 -0.442390
vn 0.400174 0.414320 -0.817435
vn 0.633589 0.772429 0.043795
vn 0.590791 0.676466 -0.439727
vn 0.403346 0.414880 -0.815589
vn 0.630857 0.774499 0.046591
vn 0.591008 0.677992 -0.437076
vn 0.406460 0.415490 -0.813731
vn 0.627873 0.776750 0.049350
vn 0.591049 0.679651 -0.434438
vn 0.409515 0.416149 -0.811860
vn 0.624621 0.779190 0.052067
vn 0.590903 0.681445 -0.431817
vn 0.412511 0.416859 -0.809977
vn 0.621085 0.781829 0.054739
vn 0.590562 0.683382 -0.429215
vn 0.415449 0.417619 -0.808082
vn 0.617245 0.784677 0.057358
vn 0.590014 0.685467 -0.426637
vn 0.418327 0.418430 -0.806176
vn 0.613079 0.787746 0.059917
vn 0.589245 0.687707 -0.424086
vn 0.421144 0.419293 -0.804258
vn 0.608563 0.791048 0.062408
vn 0.588242 0.690110 -0.421568
vn 0.423899 0.420209 -0.802330
vn 0.603668 0.794596 0.064823
vn 0.586987 0.692684 -0.419088
vn 0.426592 0.421178 -0.800393
vn 0.598364 0.798405 0.067151
vn 0.585462 0.695439 -0.416653
vn 0.429218 0.422204 -0.798446
vn 0.592615 0.802492 0.069379
vn 0.583644 0.698384 -0.414269
vn 0.431777 0.423287 -0.796490
vn 0.586382 0.806874 0.071493
vn 0.581510 0.701531 -0.411947
vn 0.434264 0.424429 -0.794528
vn 0.579619 0.811568 0.073477
vn 0.579031 0.704892 -0.409695
vn 0.436677 0.425634 -0.792559
vn 0.572274 0.816597 0.075311
vn 0.576176 0.708481 -0.407525
vn 0.439010 0.426903 -0.790585
vn 0.564289 0.821982 0.076972
vn 0.572907 0.712310 -0.405452
vn 0.441257 0.428241 -0.788607
vn 0.555596 0.827745 0.078433
vn 0.569183 0.716397 -0.403493
vn 0.443414 0.429650 -0.786629
vn 0.546120 0.833911 0.079662
vn 0.564956 0.720756 -0.401666
vn 0.445471 0.431136 -0.784651
vn 0.535771 0.840506 0.080621
vn 0.560170 0.725406 -0.399994
vn 0.447420 0.432702 -0.782678
vn 0.524448 0.847555 0.081266
vn 0.554762 0.730364 -0.398507
vn 0.449251 0.434353 -0.780712
vn 0.512035 0.855085 0.081540
vn 0.548658 0.735647 -0.397238
vn 0.450950 0.436096 -0.778758
vn 0.498398 0.863121 0.081378
vn 0.541773 0.741273 -0.396227
vn 0.452504 0.437936 -0.776822
vn 0.483379 0.871683 0.080702
vn 0.534008 0.747260 -0.395523
vn 0.453893 0.439881 -0.774910
vn 0.466800 0.880790 0.079414
vn 0.525249 0.753619 -0.395187
vn 0.455098 0.441936 -0.773032
vn 0.448452 0.890449 0.077398
vn 0.515362 0.760360 -0.395291
vn 0.456093 0.444108 -0.771199
vn 0.428095 0.900657 0.074510
vn 0.504194 0.767484 -0.395924
vn 0.456849 0.446405 -0.769423
vn 0.405453 0.911388 0.070576
vn 0.491568 0.774981 -0.397198
vn 0.457330 0.448832 -0.767723
vn 0.380209 0.922587 0.065382
vn 0.477279 0.782821 -0.399244
vn 0.457495 0.451393 -0.766122
vn 0.352007 0.934157 0.058668
vn 0.461098 0.790950 -0.402228
vn 0.457295 0.454090 -0.764646
vn 0.320450 0.945939 0.050118
vn 0.442764 0.799274 -0.406351
vn 0.456673 0.456919 -0.763331
vn 0.285106 0.957688 0.039350
vn 0.421994 0.807649 -0.411854
vn 0.455563 0.459870 -0.762222
vn 0.245528 0.969043 0.025912
vn 0.398492 0.815856 -0.419027
vn 0.453891 0.462918 -0.761373
vn 0.201281 0.979490 0.009279
vn 0.371963 0.823579 -0.428208
vn 0.451576 0.466027 -0.760854
vn 0.151997 0.988318 -0.011138
vn 0.342150 0.830379 -0.439777
vn 0.448533 0.469134 -0.760744
vn 0.097456 0.994590 -0.035960
vn 0.308883 0.835670 -0.454144
vn 0.444685 0.472149 -0.761138
vn 0.037910 0.997122 -0.065662
vn 0.272292 0.838706 -0.471624
vn 0.440007 0.474947 -0.762115
vn -0.020768 0.995037 -0.097312
vn 0.236011 0.838924 -0.490413
vn 0.435006 0.477413 -0.763444
vn -0.073056 0.989172 -0.127286
vn 0.203500 0.836816 -0.508258
vn 0.430232 0.479579 -0.764791
vn -0.119178 0.980683 -0.155107
vn 0.174658 0.833083 -0.524850
vn 0.425731 0.481516 -0.766091
vn -0.159731 0.970494 -0.180631
vn 0.149140 0.828287 -0.540091
vn 0.421495 0.483286 -0.767317
vn -0.195363 0.959309 -0.203861
vn 0.126565 0.822858 -0.553973
vn 0.417505 0.484942 -0.768453
vn -0.226709 0.947643 -0.224890
vn 0.106559 0.817111 -0.566546
vn 0.413738 0.486522 -0.769491
vn -0.254358 0.935860 -0.243862
vn 0.088772 0.811273 -0.577890
vn 0.410168 0.488058 -0.770430
vn -0.278831 0.924209 -0.260943
vn 0.072894 0.805497 -0.588100
vn 0.406772 0.489571 -0.771270
vn -0.300583 0.912855 -0.276307
vn 0.058653 0.799887 -0.597278
vn 0.403529 0.491078 -0.772015
vn -0.320003 0.901903 -0.290120
vn 0.045816 0.794509 -0.605521
vn 0.400418 0.492592 -0.772670
vn -0.337424 0.891411 -0.302541
vn 0.034184 0.789403 -0.612923
vn 0.397423 0.494122 -0.773239
vn -0.353126 0.881411 -0.313714
vn 0.023590 0.784589 -0.619567
vn 0.394530 0.495673 -0.773728
vn -0.367346 0.871912 -0.323769
vn 0.013890 0.780076 -0.625531
vn 0.391725 0.497249 -0.774141
vn -0.380284 0.862910 -0.332821
vn 0.004965 0.775862 -0.630883
vn 0.388998 0.498855 -0.774483
vn -0.392110 0.854392 -0.340975
vn -0.003287 0.771941 -0.635685
vn 0.386339 0.500492 -0.774758
vn -0.402966 0.846340 -0.348322
vn -0.010952 0.768304 -0.639991
vn 0.383742 0.502162 -0.774968
vn -0.412974 0.838730 -0.354942
vn -0.018103 0.764939 -0.643848
vn 0.381200 0.503864 -0.775118
vn -0.422238 0.831542 -0.360907
vn -0.024802 0.761833 -0.647299
vn 0.378706 0.505601 -0.775209
vn -0.430846 0.824749 -0.366279
vn -0.031102 0.758972 -0.650380
vn 0.376257 0.507372 -0.775245
vn -0.438873 0.818330 -0.371115
vn -0.037048 0.756344 -0.653125
vn 0.373847 0.509178 -0.775226
vn -0.446385 0.812261 -0.375463
vn -0.042680 0.753934 -0.655562
vn 0.371475 0.511019 -0.775156
vn -0.453437 0.806520 -0.379367
vn -0.048030 0.751733 -0.657717
vn 0.369136 0.512895 -0.775034
vn -0.460078 0.801088 -0.382865
vn -0.053128 0.749726 -0.659612
vn 0.366829 0.514806 -0.774862
vn -0.466351 0.795944 -0.385992
vn -0.058000 0.747905 -0.661267
vn 0.364552 0.516752 -0.774641
vn -0.472291 0.791071 -0.388778
vn -0.062666 0.746258 -0.662701
vn 0.362302 0.518735 -0.774372
vn -0.477931 0.786452 -0.391249
vn -0.067146 0.744776 -0.663928
vn 0.360079 0.520753 -0.774054
vn -0.483298 0.782071 -0.393430
vn -0.071456 0.743451 -0.664962
vn 0.357881 0.522808 -0.773688
vn -0.488418 0.777915 -0.395344
vn -0.075611 0.742275 -0.665816
vn 0.355708 0.524900 -0.773273
vn -0.493312 0.773969 -0.397008
vn -0.079625 0.741240 -0.666500
vn 0.353558 0.527030 -0.772811
vn -0.498000 0.770222 -0.398440
vn -0.083507 0.740340 -0.667025
vn 0.351431 0.529198 -0.772299
vn -0.502497 0.766662 -0.399657
vn -0.087268 0.739569 -0.667399
vn 0.349327 0.531405 -0.771738
vn -0.506820 0.763279 -0.400672
vn -0.090917 0.738922 -0.667629
vn 0.347246 0.533651 -0.771127
vn -0.510982 0.760064 -0.401497
vn -0.094462 0.738393 -0.667722
vn 0.345187 0.535938 -0.770465
vn -0.514995 0.757008 -0.402144
vn -0.097908 0.737979 -0.667683
vn 0.343150 0.538267 -0.769751
vn -0.518869 0.754102 -0.402622
vn -0.101263 0.737675 -0.667519
vn 0.341136 0.540639 -0.768984
vn -0.522614 0.751340 -0.402943
vn -0.104531 0.737478 -0.667233
vn 0.339145 0.543055 -0.768162
vn -0.526238 0.748715 -0.403112
vn -0.107717 0.737384 -0.666829
vn 0.337176 0.545516 -0.767284
vn -0.529749 0.746221 -0.403138
vn -0.110826 0.737392 -0.666311
vn 0.335232 0.548024 -0.766348
vn -0.533155 0.743851 -0.403028
vn -0.113861 0.737499 -0.665681
vn 0.333311 0.550581 -0.765353
vn -0.536460 0.741602 -0.402787
vn -0.116824 0.737702 -0.664942
vn 0.331415 0.553188 -0.764295
vn -0.539671 0.739468 -0.402420
vn -0.119719 0.738002 -0.664094
vn 0.329544 0.555847 -0.763174
vn -0.542793 0.737445 -0.401933
vn -0.122549 0.738395 -0.663140
vn 0.327699 0.558560 -0.761986
vn -0.545830 0.735529 -0.401330
vn -0.125315 0.738882 -0.662080
vn 0.325882 0.561330 -0.760730
vn -0.548786 0.733718 -0.400614
vn -0.128019 0.739461 -0.660915
vn 0.324092 0.564159 -0.759401
vn -0.551665 0.732008 -0.399788
vn -0.130662 0.740133 -0.659644
vn 0.322332 0.567048 -0.757996
vn -0.554469 0.730396 -0.398855
vn -0.133245 0.740898 -0.658268
vn 0.320602 0.570002 -0.756513
vn -0.557203 0.728880 -0.397817
vn -0.135770 0.741755 -0.656785
vn 0.318903 0.573022 -0.754948
vn -0.559867 0.727459 -0.396677
vn -0.138238 0.742706 -0.655194
vn 0.317237 0.576112 -0.753296
vn -0.562465 0.726130 -0.395435
vn -0.140647 0.743751 -0.653493
vn 0.315606 0.579276 -0.751553
vn -0.564999 0.724891 -0.394093
vn -0.143000 0.744891 -0.651681
vn 0.314011 0.582516 -0.749715
vn -0.567469 0.723743 -0.392650
vn -0.145294 0.746129 -0.649754
vn 0.312453 0.585837 -0.747776
vn -0.569878 0.722685 -0.391108
vn -0.147532 0.747466 -0.647710
vn 0.310935 0.589242 -0.745730
vn -0.572227 0.721715 -0.389467
vn -0.149711 0.748905 -0.645545
vn 0.309459 0.592737 -0.743571
vn -0.574516 0.720833 -0.387724
vn -0.151832 0.750447 -0.643254
vn 0.308027 0.596326 -0.741293
vn -0.576747 0.720041 -0.385881
vn -0.153892 0.752097 -0.640834
vn 0.306641 0.600013 -0.738888
vn -0.578921 0.719337 -0.383934
vn -0.155893 0.753856 -0.638278
vn 0.305303 0.603805 -0.736349
vn -0.581036 0.718723 -0.381882
vn -0.157831 0.755730 -0.635580
vn 0.304017 0.607708 -0.733665
vn -0.583094 0.718200 -0.379723
vn -0.159705 0.757722 -0.632734
vn 0.302786 0.611727 -0.730829
vn -0.585095 0.717769 -0.377454
vn -0.161514 0.759836 -0.629732
vn 0.301612 0.615869 -0.727829
vn -0.587038 0.717432 -0.375070
vn -0.163255 0.762079 -0.626565
vn 0.300498 0.620142 -0.724655
vn -0.588923 0.717191 -0.372568
vn -0.164927 0.764455 -0.623223
vn 0.299449 0.624554 -0.721292
vn -0.590749 0.717048 -0.369943
vn -0.166526 0.766971 -0.619697
vn 0.298469 0.629114 -0.717727
vn -0.592516 0.717005 -0.367190
vn -0.168049 0.769634 -0.615973
vn 0.297561 0.633829 -0.713945
vn -0.594222 0.717067 -0.364301
vn -0.169495 0.772451 -0.612039
vn 0.296731 0.638712 -0.709928
vn -0.595867 0.717236 -0.361270
vn -0.170858 0.775430 -0.607879
vn 0.295983 0.643771 -0.705658
vn -0.597447 0.717517 -0.358087
vn -0.172135 0.778580 -0.603476
vn 0.295322 0.649019 -0.701113
vn -0.598963 0.717913 -0.354744
vn -0.173322 0.781910 -0.598812
vn 0.294754 0.654469 -0.696269
vn -0.600412 0.718431 -0.351230
vn -0.174415 0.785432 -0.593865
vn 0.294286 0.660133 -0.691101
vn -0.601792 0.719075 -0.347532
vn -0.175407 0.789157 -0.588611
vn 0.293924 0.666027 -0.685578
vn -0.603100 0.719851 -0.343636
vn -0.176294 0.793097 -0.583024
vn 0.293675 0.672166 -0.679668
vn -0.604333 0.720766 -0.339526
vn -0.177070 0.797266 -0.577073
vn 0.293546 0.678568 -0.673332
vn -0.605489 0.721828 -0.335183
vn -0.177727 0.801678 -0.570723
vn 0.293548 0.685250 -0.666530
vn -0.606564 0.723044 -0.330588
vn -0.178260 0.806350 -0.563936
vn 0.293687 0.692233 -0.659212
vn -0.607554 0.724422 -0.325715
vn -0.178661 0.811297 -0.556666
vn 0.293975 0.699538 -0.651326
vn -0.608456 0.725973 -0.320538
vn -0.178921 0.816539 -0.548863
vn 0.294420 0.707188 -0.642808
vn -0.609265 0.727705 -0.315026
vn -0.179032 0.822095 -0.540470
vn 0.295034 0.715207 -0.633588
vn -0.609977 0.729629 -0.309143
vn -0.178985 0.827985 -0.531419
vn 0.295829 0.723621 -0.623585
vn -0.610588 0.731756 -0.302846
vn -0.178770 0.834230 -0.521633
vn 0.296816 0.732456 -0.612706
vn -0.611091 0.734097 -0.296088
vn -0.178379 0.840854 -0.511025
vn 0.298007 0.741740 -0.600844
vn -0.611484 0.736664 -0.288814
vn -0.177800 0.847877 -0.499491
vn 0.299416 0.751501 -0.587875
vn -0.611761 0.739467 -0.280959
vn -0.177025 0.855323 -0.486913
vn 0.301053 0.761767 -0.573653
vn -0.611918 0.742515 -0.272448
vn -0.176045 0.863212 -0.473152
vn 0.302929 0.772564 -0.558013
vn -0.611952 0.745818 -0.263192
vn -0.174853 0.871561 -0.458048
vn 0.305055 0.783915 -0.540757
vn -0.611861 0.749380 -0.253091
vn -0.173445 0.880382 -0.441412
vn 0.307437 0.795835 -0.521659
vn -0.611647 0.753201 -0.242025
vn -0.171820 0.889679 -0.423025
vn 0.310075 0.808332 -0.500453
vn -0.611313 0.757274 -0.229854
vn -0.169983 0.899442 -0.402629
vn 0.312964 0.821395 -0.476826
vn -0.610869 0.761579 -0.216417
vn -0.167950 0.909642 -0.379926
vn 0.316088 0.834993 -0.450416
vn -0.610332 0.766083 -0.201524
vn -0.165750 0.920222 -0.354568
vn 0.319414 0.849059 -0.420802
vn -0.609730 0.770726 -0.184961
vn -0.163428 0.931082 -0.326156
vn 0.322886 0.863476 -0.387496
vn -0.609105 0.775419 -0.166481
vn -0.161061 0.942065 -0.294233
vn 0.326417 0.878060 -0.349947
vn -0.608521 0.780026 -0.145812
vn -0.158758 0.952933 -0.258292
vn 0.329874 0.892528 -0.307533
vn -0.608068 0.784352 -0.122660
vn -0.156681 0.963339 -0.217783
vn 0.333067 0.906467 -0.259585
vn -0.607873 0.788120 -0.096726
vn -0.155056 0.972793 -0.172140
vn 0.335725 0.919291 -0.205408
vn -0.608108 0.790960 -0.067732
vn -0.154189 0.980625 -0.120830
vn 0.337481 0.930200 -0.144344
vn -0.608994 0.792381 -0.035467
vn -0.154482 0.985957 -0.063433
vn 0.337853 0.938136 -0.075869
f 1//1 4//4 2//2
f 4//4 5//5 2//2
f 2//2 5//5 3//3
f 5//5 6//6 3//3
f 4//4 7//7 5//5
f 7//7 8//8 5//5
f 5//5 8//8 6//6
f 8//8 9//9 6//6
f 7//7 10//10 8//8
f 10//10 11//11 8//8
f 8//8 11//11 9//9
f 11//11 12//12 9//9
f 10//10 13//13 11//11
f 13//13 14//14 11//11
f 11//11 14//14 12//12
f 14//14 15//15 12//12
f 13//13 16//16 14//14
f 16//16 17//17 14//14
f 14//14 17//17 15//15
f 17//17 18//18 15//15
f 16//16 19//19 17//17
f 19//19 20//20 17//17
f 17//17 20//20 18//18
f 20//20 21//21 18//18
f 19//19 22//22 20//20
f 22//22 23//23 20//20
f 20//20 23//23 21//21
f 23//23 24//24 21//21
f 22//22 25//25 23//23
f 25//25 26//26 23//23
f 23//23 26//26 24//24
f 26//26 27//27 24//24
f 25//25 28//28 26//26
f 28//28 29//29 26//26
f 26//26 29//29 27//27
f 29//29 30//30 27//27
f 28//28 31//31 29//29
f 31//31 32//32 29//29
f 29//29 32//32 30//30
f 32//32 33//33 30//30
f 31//31 34//34 32//32
f 34//34 35//35 32//32
f 32//32 35//35 33//33
f 35//35 36//36 33//33
f 34//34 37//37 35//35
f 37//37 38//38 35//35
f 35//35 38//38 36//36
f 38//38 39//39 36//36
f 37//37 40//40 38//38
f 40//40 41//41 38//38
f 38//38 41//41 39//39
f 41//41 42//42 39//39
f 40//40 43//43 41//41
f 43//43 44//44 41//41
f 41//41 44//44 42//42
f 44//44 45//45 42//42
f 43//43 46//46 44//44
f 46//46 47//47 44//44
f 44//44 47//47 45//45
f 47//47 48//48 45//45
f 46//46 49//49 47//47
f 49//49 50//50 47//47
f 47//47 50//50 48//48
f 50//50 51//51 48//48
f 49//49 52//52 50//50
f 52//52 53//53 50//50
f 50//50 53//53 51//51
f 53//53 54//54 51//51
f 52//52 55//55 53//53
f 55//55 56//56 53//53
f 53//53 56//56 54//54
f 56//56 57//57 54//54
f 55//55 58//58 56//56
f 58//58 59//59 56//56
f 56//56 59//59 57//57
f 59//59 60//60 57//57
f 58//58 61//61 59//59
f 61//61 62//62 59//59
f 59//59 62//62 60//60
f 62//62 63//63 60//60
f 61//61 64//64 62//62
f 64//64 65//65 62//62
f 62//62 65//65 63//63
f 65//65 66//66 63//63
f 64//64 67//67 65//65
f 67//67 68//68 65//65
f 65//65 68//68 66//66
f 68//68 69//69 66//66
f 67//67 70//70 68//68
f 70//70 71//71 68//68
f 68//68 71//71 69//69
f 71//71 72//72 69//69
f 70//70 73//73 71//71
f 73//73 74//74 71//71
f 71//71 74//74 72//72
f 74//74 75//75 72//72
f 73//73 76//76 74//74
f 76//76 77//77 74//74
f 74//74 77//77 75//75
f 77//77 78//78 75//75
f 76//76 79//79 77//77
f 79//79 80//80 77//77
f 77//77 80//80 78//78
f 80//80 81//81 78//78
f 79//79 82//82 80//80
f 82//82 83//83 80//80
f 80//80 83//83 81//81
f 83//83 84//84 81//81
f 82//82 85//85 83//83
f 85//85 86//86 83//83
f 83//83 86//86 84//84
f 86//86 87//87 84//84
f 85//85 88//88 86//86
f 88//88 89//89 86//86
f 86//86 89//89 87//87
f 89//89 90//90 87//87
f 88//88 91//91 89//89
f 91//91 92//92 89//89
f 89//89 92//92 90//90
f 92//92 93//93 90//90
f 91//91 94//94 92//92
f 94//94 95//95 92//92
f 92//92 95//95 93//93
f 95//95 96//96 93//93
f 94//94 97//97 95//95
f 97//97 98//98 95//95
f 95//95 98//98 96//96
f 98//98 99//99 96//96
f 97//97 100//100 98//98
f 100//100 101//101 98//98
f 98//98 101//101 99//99
f 101//101 102//102 99//99
f 100//100 103//103 101//101
f 103//103 104//104 101//101
f 101//101 104//104 102//102
f 104//104 105//105 102//102
f 103//103 106//106 104//104
f 106//106 107//107 104//104
f 104//104 107//107 105//105
f 107//107 108//108 105//105
f 106//106 109//109 107//107
f 109//109 110//110 107//107
f 107//107 110//110 108//108
f 110//110 111//111 108//108
f 109//109 112//112 110//110
f 112//112 113//113 110//110
f 110//110 113//113 111//111
f 113//113 114//114 111//111
f 112//112 115//115 113//113
f 115//115 116//116 113//113
f 113//113 116//116 114//114
f 116//116 117//117 114//114
f 115//115 118//118 116//116
f 118//118 119//119 116//116
f 116//116 119//119 117//117
f 119//119 120//120 117//117
f 118//118 121//121 119//119
f 121//121 122//122 119//119
f 119//119 122//122 120//120
f 122//122 123//123 120//120
f 121//121 124//124 122//122
f 124//124 125//125 122//122
f 122//122 125//125 123//123
f 125//125 126//126 123//123
f 124//124 127//127 125//125
f 127//127 128//128 125//125
f 125//125 128//128 126//126
f 128//128 129//129 126//126
f 127//127 130//130 128//128
f 130//130 131//131 128//128
f 128//128 131//131 129//129
f 131//131 132//132 129//129
f 130//130 133//133 131//131
f 133//133 134//134 131//131
f 131//131 134//134 132//132
f 134//134 135//135 132//132
f 133//133 136//136 134//134
f 136//136 137//137 134//134
f 134//134 137//137 135//135
f 137//137 138//138 135//135
f 136//136 139//139 137//137
f 139//139 140//140 137//137
f 137//137 140//140 138//138
f 140//140 141//141 138//138
f 139//139 142//142 140//140
f 142//142 143//143 140//140
f 140//140 143//143 141//141
f 143//143 144//144 141//141
f 142//142 145//145 143//143
f 145//145 146//146 143//143
f 143//143 146//146 144//144
f 146//146 147//147 144//144
f 145//145 148//148 146//146
f 148//148 149//149 146//146
f 146//146 149//149 147//147
f 149//149 150//150 147//147
f 148//148 151//151 149//149
f 151//151 152//152 149//149
f 149//149 152//152 150//150
f 152//152 153//153 150//150
f 151//151 154//154 152//152
f 154//154 155//155 152//152
f 152//152 155//155 153//153
f 155//155 156//156 153//153
f 154//154 157//157 155//155
f 157//157 158//158 155//155
f 155//155 158//158 156//156
f 158//158 159//159 156//156
f 157//157 160//160 158//158
f 160//160 161//161 158//158
f 158//158 161//161 159//159
f 161//161 162//162 159//159
f 160//160 163//163 161//161
f 163//163 164//164 161//161
f 161//161 164//164 162//162
f 164//164 165//165 162//162
f 163//163 166//166 164//164
f 166//166 167//167 164//164
f 164//164 167//167 165//165
f 167//167 168//168 165//165
f 166//166 169//169 167//167
f 169//169 170//170 167//167
f 167//167 170//170 168//168
f 170//170 171//171 168//168
f 169//169 172//172 170//170
f 172//172 173//173 170//170
f 170//170 173//173 171//171
f 173//173 174//174 171//171
f 172//172 175//175 173//173
f 175//175 176//176 173//173
f 173//173 176//176 174//174
f 176//176 177//177 174//174
f 175//175 178//178 176//176
f 178//178 179//179 176//176
f 176//176 179//179 177//177
f 179//179 180//180 177//177
f 178//178 181//181 179//179
f 181//181 182//182 179//179
f 179//179 182//182 180//180
f 182//182 183//183 180//180
f 181//181 184//184 182//182
f 184//184 185//185 182//182
f 182//182 185//185 183//183
f 185//185 186//186 183//183
f 184//184 187//187 185//185
f 187//187 188//188 185//185
f 185//185 188//188 186//186
f 188//188 189//189 186//186
f 187//187 190//190 188//188
f 190//190 191//191 188//188
f 188//188 191//191 189//189
f 191//191 192//192 189//189
f 190//190 193//193 191//191
f 193//193 194//194 191//191
f 191//191 194//194 192//192
f 194//194 195//195 192//192
f 193//193 196//196 194//194
f 196//196 197//197 194//194
f 194//194 197//197 195//195
f 197//197 198//198 195//195
f 196//196 199//199 197//197
f 199//199 200//200 197//197
f 197//197 200//200 198//198
f 200//200 201//201 198//198
f 199//199 202//202 200//200
f 202//202 203//203 200//200
f 200//200 203//203 201//201
f 203//203 204//204 201//201
f 202//202 205//205 203//203
f 205//205 206//206 203//203
f 203//203 206//206 204//204
f 206//206 207//207 204//204
f 205//205 208//208 206//206
f 208//208 209//209 206//206
f 206//206 209//209 207//207
f 209//209 210//210 207//207
f 208//208 211//211 209//209
f 211//211 212//212 209//209
f 209//209 212//212 210//210
f 212//212 213//213 210//210
f 211//211 214//214 212//212
f 214//214 215//215 212//212
f 212//212 215//215 213//213
f 215//215 216//216 213//213
f 214//214 217//217 215//215
f 217//217 218//218 215//215
f 215//215 218//218 216//216
f 218//218 219//219 216//216
f 217//217 220//220 218//218
f 220//220 221//221 218//218
f 218//218 221//221 219//219
f 221//221 222//222 219//219
f 220//220 223//223 221//221
f 223//223 224//224 221//221
f 221//221 224//224 222//222
f 224//224 225//225 222//222
f 223//223 226//226 224//224
f 226//226 227//227 224//224
f 224//224 227//227 225//225
f 227//227 228//228 225//225
f 226//226 229//229 227//227
f 229//229 230//230 227//227
f 227//227 230//230 228//228
f 230//230 231//231 228//228
f 229//229 232//232 230//230
f 232//232 233//233 230//230
f 230//230 233//233 231//231
f 233//233 234//234 231//231
f 232//232 235//235 233//233
f 235//235 236//236 233//233
f 233//233 236//236 234//234
f 236//236 237//237 234//234
f 235//235 238//238 236//236
f 238//238 239//239 236//236
f 236//236 239//239 237//237
f 239//239 240//240 237//237
f 238//238 241//241 239//239
f 241//241 242//242 239//239
f 239//239 242//242 240//240
f 242//242 243//243 240//240
f 241//241 244//244 242//242
f 244//244 245//245 242//242
f 242//242 245//245 243//243
f 245//245 246//246 243//243
f 244//244 247//247 245//245
f 247//247 248//248 245//245
f 245//245 248//248 246//246
f 248//248 249//249 246//246
f 247//247 250//250 248//248
f 250//250 251//251 248//248
f 248//248 251//251 249//249
f 251//251 252//252 249//249
f 250//250 253//253 251//251
f 253//253 254//254 251//251
f 251//251 254//254 252//252
f 254//254 255//255 252//252
f 253//253 256//256 254//254
f 256//256 257//257 254//254
f 254//254 257//257 255//255
f 257//257 258//258 255//255
f 256//256 259//259 257//257
f 259//259 260//260 257//257
f 257//257 260//260 258//258
f 260//260 261//261 258//258
f 259//259 262//262 260//260
f 262//262 263//263 260//260
f 260//260 263//263 261//261
f 263//263 264//264 261//261
f 262//262 265//265 263//263
f 265//265 266//266 263//263
f 263//263 266//266 264//264
f 266//266 267//267 264//264
f 265//265 268//268 266//266
f 268//268 269//269 266//266
f 266//266 269//269 267//267
f 269//269 270//270 267//267
f 268//268 271//271 269//269
f 271//271 272//272 269//269
f 269//269 272//272 270//270
f 272//272 273//273 270//270
f 271//271 274//274 272//272
f 274//274 275//275 272//272
f 272//272 275//275 273//273
f 275//275 276//276 273//273
f 274//274 277//277 275//275
f 277//277 278//278 275//275
f 275//275 278//278 276//276
f 278//278 279//279 276//276
f 277//277 280//280 278//278
f 280//280 281//281 278//278
f 278//278 281//281 279//279
f 281//281 282//282 279//279
f 280//280 283//283 281//281
f 283//283 284//284 281//281
f 281//281 284//284 282//282
f 284//284 285//285 282//282
f 283//283 286//286 284//284
f 286//286 287//287 284//284
f 284//284 287//287 285//285
f 287//287 288//288 285//285
f 286//286 289//289 287//287
f 289//289 290//290 287//287
f 287//287 290//290 288//288
f 290//290 291//291 288//288
f 289//289 292//292 290//290
f 292//292 293//293 290//290
f 290//290 293//293 291//291
f 293//293 294//294 291//291
f 292//292 295//295 293//293
f 295//295 296//296 293//293
f 293//293 296//296 294//294
f 296//296 297//297 294//294
f 295//295 298//298 296//296
f 298//298 299//299 296//296
f 296//296 299//299 297//297
f 299//299 300//300 297//297
f 298//298 301//301 299//299
f 301//301 302//302 299//299
f 299//299 302//302 300//300
f 302//302 303//303 300//300
f 301//301 304//304 302//302
f 304//304 305//305 302//302
f 302//302 305//305 303//303
f 305//305 306//306 303//303
f 304//304 307//307 305//305
f 307//307 308//308 305//305
f 305//305 308//308 306//306
f 308//308 309//309 306//306
f 307//307 310//310 308//308
f 310//310 311//311 308//308
f 308//308 311//311 309//309
f 311//311 312//312 309//309
f 310//310 313//313 311//311
f 313//313 314//314 311//311
f 311//311 314//314 312//312
f 314//314 315//315 312//312
f 313//313 316//316 314//314
f 316//316 317//317 314//314
f 314//314 317//317 315//315
f 317//317 318//318 315//315
f 316//316 319//319 317//317
f 319//319 320//320 317//317
f 317//317 320//320 318//318
f 320//320 321//321 318//318
f 319//319 322//322 320//320
f 322//322 323//323 320//320
f 320//320 323//323 321//321
f 323//323 324//324 321//321
f 322//322 325//325 323//323
f 325//325 326//326 323//323
f 323//323 326//326 324//324
f 326//326 327//327 324//324
f 325//325 328//328 326//326
f 328//328 329//329 326//326
f 326//326 329//329 327//327
f 329//329 330//330 327//327
f 328//328 331//331 329//329
f 331//331 332//332 329//329
f 329//329 332//332 330//330
f 332//332 333//333 330//330
f 331//331 334//334 332//332
f 334//334 335//335 332//332
f 332//332 335//335 333//333
f 335//335 336//336 333//333
f 334//334 337//337 335//335
f 337//337 338//338 335//335
f 335//335 338//338 336//336
f 338//338 339//339 336//336
f 337//337 340//340 338//338
f 340//340 341//341 338//338
f 338//338 341//341 339//339
f 341//341 342//342 339//339
f 340//340 343//343 341//341
f 343//343 344//344 341//341
f 341//341 344//344 342//342
f 344//344 345//345 342//342
f 343//343 346//346 344//344
f 346//346 347//347 344//344
f 344//344 347//347 345//345
f 347//347 348//348 345//345
f 346//346 349//349 347//347
f 349//349 350//350 347//347
f 347//347 350//350 348//348
f 350//350 351//351 348//348
f 349//349 352//352 350//350
f 352//352 353//353 350//350
f 350//350 353//353 351//351
f 353//353 354//354 351//351
f 352//352 355//355 353//353
f 355//355 356//356 353//353
f 353//353 356//356 354//354
f 356//356 357//357 354//354
f 355//355 358//358 356//356
f 358//358 359//359 356//356
f 356//356 359//359 357//357
f 359//359 360//360 357//357
f 358//358 361//361 359//359
f 361//361 362//362 359//359
f 359//359 362//362 360//360
f 362//362 363//363 360//360
f 361//361 364//364 362//362
f 364//364 365//365 362//362
f 362//362 365//365 363//363
f 365//365 366//366 363//363
f 364//364 367//367 365//365
f 367//367 368//368 365//365
f 365//365 368//368 366//366
f 368//368 369//369 366//366
f 367//367 370//370 368//368
f 370//370 371//371 368//368
f 368//368 371//371 369//369
f 371//371 372//372 369//369
f 370//370 373//373 371//371
f 373//373 374//374 371//371
f 371//371 374//374 372//372
f 374//374 375//375 372//372
f 373//373 376//376 374//374
f 376//376 377//377 374//374
f 374//374 377//377 375//375
f 377//377 378//378 375//375
f 376//376 379//379 377//377
f 379//379 380//380 377//377
f 377//377 380//380 378//378
f 380//380 381//381 378//378
f 379//379 382//382 380//380
f 382//382 383//383 380//380
f 380//380 383//383 381//381
f 383//383 384//384 381//381
f 382//382 385//385 383//383
f 385//385 386//386 383//383
f 383//383 386//386 384//384
f 386//386 387//387 384//384
f 385//385 388//388 386//386
f 388//388 389//389 386//386
f 386//386 389//389 387//387
f 389//389 390//390 387//387
f 388//388 391//391 389//389
f 391//391 392//392 389//389
f 389//389 392//392 390//390
f 392//392 393//393 390//390
f 391//391 394//394 392//392
f 394//394 395//395 392//392
f 392//392 395//395 393//393
f 395//395 396//396 393//393
f 394//394 397//397 395//395
f 397//397 398//398 395//395
f 395//395 398//398 396//396
f 398//398 399//399 396//396
f 397//397 400//400 398//398
f 400//400 401//401 398//398
f 398//398 401//401 399//399
f 401//401 402//402 399//399
f 400//400 403//403 401//401
f 403//403 404//404 401//401
f 401//401 404//404 402//402
f 404//404 405//405 402//402
f 403//403 406//406 404//404
f 406//406 407//407 404//404
f 404//404 407//407 405//405
f 407//407 408//408 405//405
f 406//406 409//409 407//407
f 409//409 410//410 407//407
f 407//407 410//410 408//408
f 410//410 411//411 408//408
f 409//409 412//412 410//410
f 412//412 413//413 410//410
f 410//410 413//413 411//411
f 413//413 414//414 411//411
f 412//412 415//415 413//413
f 415//415 416//416 413//413
f 413//413 416//416 414//414
f 416//416 417//417 414//414
f 415//415 418//418 416//416
f 418//418 419//419 416//416
f 416//416 419//419 417//417
f 419//419 420//420 417//417
f 418//418 421//421 419//419
f 421//421 422//422 419//419
f 419//419 422//422 420//420
f 422//422 423//423 420//420
f 421//421 424//424 422//422
f 424//424 425//425 422//422
f 422//422 425//425 423//423
f 425//425 426//426 423//423
f 424//424 427//427 425//425
f 427//427 428//428 425//425
f 425//425 428//428 426//426
f 428//428 429//429 426//426
f 427//427 430//430 428//428
f 430//430 431//431 428//428
f 428//428 431//431 429//429
f 431//431 432//432 429//429
f 430//430 433//433 431//431
f 433//433 434//434 431//431
f 431//431 434//434 432//432
f 434//434 435//435 432//432
f 433//433 436//436 434//434
f 436//436 437//437 434//434
f 434//434 437//437 435//435
f 437//437 438//438 435//435
f 436//436 439//439 437//437
f 439//439 440//440 437//437
f 437//437 440//440 438//438
f 440//440 441//441 438//438
f 439//439 442//442 440//440
f 442//442 443//443 440//440
f 440//440 443//443 441//441
f 443//443 444//444 441//441
f 442//442 445//445 443//443
f 445//445 446//446 443//443
f 443//443 446//446 444//444
f 446//446 447//447 444//444
f 445//445 448//448 446//446
f 448//448 449//449 446//446
f 446//446 449//449 447//447
f 449//449 450//450 447//447
f 448//448 451//451 449//449
f 451//451 452//452 449//449
f 449//449 452//452 450//450
f 452//452 453//453 450//450
f 451//451 454//454 452//452
f 454//454 455//455 452//452
f 452//452 455//455 453//453
f 455//455 456//456 453//453
f 454//454 457//457 455//455
f 457//457 458//458 455//455
f 455//455 458//458 456//456
f 458//458 459//459 456//456
f 457//457 460//460 458//458
f 460//460 461//461 458//458
f 458//458 461//461 459//459
f 461//461 462//462 459//459
f 460//460 463//463 461//461
f 463//463 464//464 461//461
f 461//461 464//464 462//462
f 464//464 465//465 462//462
f 463//463 466//466 464//464
f 466//466 467//467 464//464
f 464//464 467//467 465//465
f 467//467 468//468 465//465
f 466//466 469//469 467//467
f 469//469 470//470 467//467
f 467//467 470//470 468//468
f 470//470 471//471 468//468
f 469//469 472//472 470//470
f 472//472 473//473 470//470
f 470//470 473//473 471//471
f 473//473 474//474 471//471
f 472//472 475//475 473//473
f 475//475 476//476 473//473
f 473//473 476//476 474//474
f 476//476 477//477 474//474
f 475//475 478//478 476//476
f 478//478 479//479 476//476
f 476//476 479//479 477//477
f 479//479 480//480 477//477
f 478//478 481//481 479//479
f 481//481 482//482 479//479
f 479//479 482//482 480//480
f 482//482 483//483 480//480
f 481//481 484//484 482//482
f 484//484 485//485 482//482
f 482//482 485//485 483//483
f 485//485 486//486 483//483
f 484//484 487//487 485//485
f 487//487 488//488 485//485
f 485//485 488//488 486//486
f 488//488 489//489 486//486
f 487//487 490//490 488//488
f 490//490 491//491 488//488
f 488//488 491//491 489//489
f 491//491 492//492 489//489
f 490//490 493//493 491//491
f 493//493 494//494 491//491
f 491//491 494//494 492//492
f 494//494 495//495 492//492
f 493//493 496//496 494//494
f 496//496 497//497 494//494
f 494//494 497//497 495//495
f 497//497 498//498 495//495
f 496//496 499//499 497//497
f 499//499 500//500 497//497
f 497//497 500//500 498//498
f 500//500 501//501 498//498
f 499//499 502//502 500//500
f 502//502 503//503 500//500
f 500//500 503//503 501//501
f 503//503 504//504 501//501
f 502//502 505//505 503//503
f 505//505 506//506 503//503
f 503//503 506//506 504//504
f 506//506 507//507 504//504
f 505//505 508//508 506//506
f 508//508 509//509 506//506
f 506//506 509//509 507//507
f 509//509 510//510 507//507
f 508//508 511//511 509//509
f 511//511 512//512 509//509
f 509//509 512//512 510//510
f 512//512 513//513 510//510
f 511//511 514//514 512//512
f 514//514 515//515 512//512
f 512//512 515//515 513//513
f 515//515 516//516 513//513
f 514//514 517//517 515//515
f 517//517 518//518 515//515
f 515//515 518//518 516//516
f 518//518 519//519 516//516
f 517//517 520//520 518//518
f 520//520 521//521 518//518
f 518//518 521//521 519//519
f 521//521 522//522 519//519
f 520//520 523//523 521//521
f 523//523 524//524 521//521
f 521//521 524//524 522//522
f 524//524 525//525 522//522
f 523//523 526//526 524//524
f 526//526 527//527 524//524
f 524//524 527//527 525//525
f 527//527 528//528 525//525
f 526//526 529//529 527//527
f 529//529 530//530 527//527
f 527//527 530//530 528//528
f 530//530 531//531 528//528
f 529//529 532//532 530//530
f 532//532 533//533 530//530
f 530//530 533//533 531//531
f 533//533 534//534 531//531
f 532//532 535//535 533//533
f 535//535 536//536 533//533
f 533//533 536//536 534//534
f 536//536 537//537 534//534
f 535//535 538//538 536//536
f 538//538 539//539 536//536
f 536//536 539//539 537//537
f 539//539 540//540 537//537
f 538//538 541//541 539//539
f 541//541 542//542 539//539
f 539//539 542//542 540//540
f 542//542 543//543 540//540
f 541//541 544//544 542//542
f 544//544 545//545 542//542
f 542//542 545//545 543//543
f 545//545 546//546 543//543
f 544//544 547//547 545//545
f 547//547 548//548 545//545
f 545//545 548//548 546//546
f 548//548 549//549 546//546
f 547//547 550//550 548//548
f 550//550 551//551 548//548
f 548//548 551//551 549//549
f 551//551 552//552 549//549
f 550//550 553//553 551//551
f 553//553 554//554 551//551
f 551//551 554//554 552//552
f 554//554 555//555 552//552
f 553//553 556//556 554//554
f 556//556 557//557 554//554
f 554//554 557//557 555//555
f 557//557 558//558 555//555
f 556//556 559//559 557//557
f 559//559 560//560 557//557
f 557//557 560//560 558//558
f 560//560 561//561 558//558
f 559//559 562//562 560//560
f 562//562 563//563 560//560
f 560//560 563//563 561//561
f 563//563 564//564 561//561
f 562//562 565//565 563//563
f 565//565 566//566 563//563
f 563//563 566//566 564//564
f 566//566 567//567 564//564
f 565//565 568//568 566//566
f 568//568 569//569 566//566
f 566//566 569//569 567//567
f 569//569 570//570 567//567
f 568//568 571//571 569//569
f 571//571 572//572 569//569
f 569//569 572//572 570//570
f 572//572 573//573 570//570
f 571//571 574//574 572//572
f 574//574 575//575 572//572
f 572//572 575//575 573//573
f 575//575 576//576 573//573
f 574//574 577//577 575//575
f 577//577 578//578 575//575
f 575//575 578//578 576//576
f 578//578 579//579 576//576
f 577//577 580//580 578//578
f 580//580 581//581 578//578
f 578//578 581//581 579//579
f 581//581 582//582 579//579
f 580//580 583//583 581//581
f 583//583 584//584 581//581
f 581//581 584//584 582//582
f 584//584 585//585 582//582
f 583//583 586//586 584//584
f 586//586 587//587 584//584
f 584//584 587//587 585//585
f 587//587 588//588 585//585
f 586//586 589//589 587//587
f 589//589 590//590 587//587
f 587//587 590//590 588//588
f 590//590 591//591 588//588
f 589//589 592//592 590//590
f 592//592 593//593 590//590
f 590//590 593//593 591//591
f 593//593 594//594 591//591
f 592//592 595//595 593//593
f 595//595 596//596 593//593
f 593//593 596//596 594//594
f 596//596 597//597 594//594
f 595//595 598//598 596//596
f 598//598 599//599 596//596
f 596//596 599//599 597//597
f 599//599 600//600 597//597
f 598//598 601//601 599//599
f 601//601 602//602 599//599
f 599//599 602//602 600//600
f 602//602 603//603 600//600
f 601//601 604//604 602//602
f 604//604 605//605 602//602
f 602//602 605//605 603//603
f 605//605 606//606 603//603
f 604//604 607//607 605//605
f 607//607 608//608 605//605
f 605//605 608//608 606//606
f 608//608 609//609 606//606
f 607//607 610//610 608//608
f 610//610 611//611 608//608
f 608//608 611//611 609//609
f 611//611 612//612 609//609
f 610//610 613//613 611//611
f 613//613 614//614 611//611
f 611//611 614//614 612//612
f 614//614 615//615 612//612
f 613//613 616//616 614//614
f 616//616 617//617 614//614
f 614//614 617//617 615//615
f 617//617 618//618 615//615
f 616//616 619//619 617//617
f 619//619 620//620 617//617
f 617//617 620//620 618//618
f 620//620 621//621 618//618
f 619//619 622//622 620//620
f 622//622 623//623 620//620
f 620//620 623//623 621//621
f 623//623 624//624 621//621
f 622//622 625//625 623//623
f 625//625 626//626 623//623
f 623//623 626//626 624//624
f 626//626 627//627 624//624
f 625//625 628//628 626//626
f 628//628 629//629 626//626
f 626//626 629//629 627//627
f 629//629 630//630 627//627
f 628//628 631//631 629//629
f 631//631 632//632 629//629
f 629//629 632//632 630//630
f 632//632 633//633 630//630
f 631//631 634//634 632//632
f 634//634 635//635 632//632
f 632//632 635//635 633//633
f 635//635 636//636 633//633
f 634//634 637//637 635//635
f 637//637 638//638 635//635
f 635//635 638//638 636//636
f 638//638 639//639 636//636
f 637//637 640//640 638//638
f 640//640 641//641 638//638
f 638//638 641//641 639//639
f 641//641 642//642 639//639
f 640//640 643//643 641//641
f 643//643 644//644 641//641
f 641//641 644//644 642//642
f 644//644 645//645 642//642
f 643//643 646//646 644//644
f 646//646 647//647 644//644
f 644//644 647//647 645//645
f 647//647 648//648 645//645
f 646//646 649//649 647//647
f 649//649 650//650 647//647
f 647//647 650//650 648//648
f 650//650 651//651 648//648
f 649//649 652//652 650//650
f 652//652 653//653 650//650
f 650//650 653//653 651//651
f 653//653 654//654 651//651
f 652//652 655//655 653//653
f 655//655 656//656 653//653
f 653//653 656//656 654//654
f 656//656 657//657 654//654
f 655//655 658//658 656//656
f 658//658 659//659 656//656
f 656//656 659//659 657//657
f 659//659 660//660 657//657
f 658//658 661//661 659//659
f 661//661 662//662 659//659
f 659//659 662//662 660//660
f 662//662 663//663 660//660
f 661//661 664//664 662//662
f 664//664 665//665 662//662
f 662//662 665//665 663//663
f 665//665 666//666 663//663
f 664//664 667//667 665//665
f 667//667 668//668 665//665
f 665//665 668//668 666//666
f 668//668 669//669 666//666
f 667//667 670//670 668//668
f 670//670 671//671 668//668
f 668//668 671//671 669//669
f 671//671 672//672 669//669
f 670//670 673//673 671//671
f 673//673 674//674 671//671
f 671//671 674//674 672//672
f 674//674 675//675 672//672
f 673//673 676//676 674//674
f 676//676 677//677 674//674
f 674//674 677//677 675//675
f 677//677 678//678 675//675
f 676//676 679//679 677//677
f 679//679 680//680 677//677
f 677//677 680//680 678//678
f 680//680 681//681 678//678
f 679//679 682//682 680//680
f 682//682 683//683 680//680
f 680//680 683//683 681//681
f 683//683 684//684 681//681
f 682//682 685//685 683//683
f 685//685 686//686 683//683
f 683//683 686//686 684//684
f 686//686 687//687 684//684
f 685//685 688//688 686//686
f 688//688 689//689 686//686
f 686//686 689//689 687//687
f 689//689 690//690 687//687
f 688//688 691//691 689//689
f 691//691 692//692 689//689
f 689//689 692//692 690//690
f 692//692 693//693 690//690
f 691//691 694//694 692//692
f 694//694 695//695 692//692
f 692//692 695//695 693//693
f 695//695 696//696 693//693
f 694//694 697//697 695//695
f 697//697 698//698 695//695
f 695//695 698//698 696//696
f 698//698 699//699 696//696
f 697//697 700//700 698//698
f 700//700 701//701 698//698
f 698//698 701//701 699//699
f 701//701 702//702 699//699
f 700//700 703//703 701//701
f 703//703 704//704 701//701
f 701//701 704//704 702//702
f 704//704 705//705 702//702
f 703//703 706//706 704//704
f 706//706 707//707 704//704
f 704//704 707//707 705//705
f 707//707 708//708 705//705
f 706//706 709//709 707//707
f 709//709 710//710 707//707
f 707//707 710//710 708//708
f 710//710 711//711 708//708
f 709//709 712//712 710//710
f 712//712 713//713 710//710
f 710//710 713//713 711//711
f 713//713 714//714 711//711
f 712//712 715//715 713//713
f 715//715 716//716 713//713
f 713//713 716//716 714//714
f 716//716 717//717 714//714
f 715//715 718//718 716//716
f 718//718 719//719 716//716
f 716//716 719//719 717//717
f 719//719 720//720 717//717
f 718//718 721//721 719//719
f 721//721 722//722 719//719
f 719//719 722//722 720//720
f 722//722 723//723 720//720
f 721//721 724//724 722//722
f 724//724 725//725 722//722
f 722//722 725//725 723//723
f 725//725 726//726 723//723
f 724//724 727//727 725//725
f 727//727 728//728 725//725
f 725//725 728//728 726//726
f 728//728 729//729 726//726
f 727//727 730//730 728//728
f 730//730 731//731 728//728
f 728//728 731//731 729//729
f 731//731 732//732 729//729
f 730//730 733//733 731//731
f 733//733 734//734 731//731
f 731//731 734//734 732//732
f 734//734 735//735 732//732
f 733//733 736//736 734//734
f 736//736 737//737 734//734
f 734//734 737//737 735//735
f 737//737 738//738 735//735
f 736//736 739//739 737//737
f 739//739 740//740 737//737
f 737//737 740//740 738//738
f 740//740 741//741 738//738
f 739//739 742//742 740//740
f 742//742 743//743 740//740
f 740//740 743//743 741//741
f 743//743 744//744 741//741
f 742//742 745//745 743//743
f 745//745 746//746 743//743
f 743//743 746//746 744//744
f 746//746 747//747 744//744
f 745//745 748//748 746//746
f 748//748 749//749 746//746
f 746//746 749//749 747//747
f 749//749 750//750 747//747
f 748//748 751//751 749//749
f 751//751 752//752 749//749
f 749//749 752//752 750//750
f 752//752 753//753 750//750
f 751//751 754//754 752//752
f 754//754 755//755 752//752
f 752//752 755//755 753//753
f 755//755 756//756 753//753
f 754//754 757//757 755//755
f 757//757 758//758 755//755
f 755//755 758//758 756//756
f 758//758 759//759 756//756
f 757//757 760//760 758//758
f 760//760 761//761 758//758
f 758//758 761//761 759//759
f 761//761 762//762 759//759
f 760//760 763//763 761//761
f 763//763 764//764 761//761
f 761//761 764//764 762//762
f 764//764 765//765 762//762
f 763//763 766//766 764//764
f 766//766 767//767 764//764
f 764//764 767//767 765//765
f 767//767 768//768 765//765
f 766//766 769//769 767//767
f 769//769 770//770 767//767
f 767//767 770//770 768//768
f 770//770 771//771 768//768
f 769//769 772//772 770//770
f 772//772 773//773 770//770
f 770//770 773//773 771//771
f 773//773 774//774 771//771
f 772//772 775//775 773//773
f 775//775 776//776 773//773
f 773//773 776//776 774//774
f 776//776 777//777 774//774
f 775//775 778//778 776//776
f 778//778 779//779 776//776
f 776//776 779//779 777//777
f 779//779 780//780 777//777
f 778//778 781//781 779//779
f 781//781 782//782 779//779
f 779//779 782//782 780//780
f 782//782 783//783 780//780
f 781//781 784//784 782//782
f 784//784 785//785 782//782
f 782//782 785//785 783//783
f 785//785 786//786 783//783
f 784//784 787//787 785//785
f 787//787 788//788 785//785
f 785//785 788//788 786//786
f 788//788 789//789 786//786
f 787//787 790//790 788//788
f 790//790 791//791 788//788
f 788//788 791//791 789//789
f 791//791 792//792 789//789
f 790//790 793//793 791//791
f 793//793 794//794 791//791
f 791//791 794//794 792//792
f 794//794 795//795 792//792
f 793//793 796//796 794//794
f 796//796 797//797 794//794
f 794//794 797//797 795//795
f 797//797 798//798 795//795
f 796//796 799//799 797//797
f 799//799 800//800 797//797
f 797//797 800//800 798//798
f 800//800 801//801 798//798
f 799//799 802//802 800//800
f 802//802 803//803 800//800
f 800//800 803//803 801//801
f 803//803 804//804 801//801
f 802//802 805//805 803//803
f 805//805 806//806 803//803
f 803//803 806//806 804//804
f 806//806 807//807 804//804
f 805//805 808//808 806//806
f 808//808 809//809 806//806
f 806//806 809//809 807//807
f 809//809 810//810 807//807
f 808//808 811//811 809//809
f 811//811 812//812 809//809
f 809//809 812//812 810//810
f 812//812 813//813 810//810
f 811//811 814//814 812//812
f 814//814 815//815 812//812
f 812//812 815//815 813//813
f 815//815 816//816 813//813
f 814//814 817//817 815//815
f 817//817 818//818 815//815
f 815//815 818//818 816//816
f 818//818 819//819 816//816
f 817//817 820//820 818//818
f 820//820 821//821 818//818
f 818//818 821//821 819//819
f 821//821 822//822 819//819
f 820//820 823//823 821//821
f 823//823 824//824 821//821
f 821//821 824//824 822//822
f 824//824 825//825 822//822
f 823//823 826//826 824//824
f 826//826 827//827 824//824
f 824//824 827//827 825//825
f 827//827 828//828 825//825
f 826//826 829//829 827//827
f 829//829 830//830 827//827
f 827//827 830//830 828//828
f 830//830 831//831 828//828
f 829//829 832//832 830//830
f 832//832 833//833 830//830
f 830//830 833//833 831//831
f 833//833 834//834 831//831
f 832//832 835//835 833//833
f 835//835 836//836 833//833
f 833//833 836//836 834//834
f 836//836 837//837 834//834
f 835//835 838//838 836//836
f 838//838 839//839 836//836
f 836//836 839//839 837//837
f 839//839 840//840 837//837
f 838//838 841//841 839//839
f 841//841 842//842 839//839
f 839//839 842//842 840//840
f 842//842 843//843 840//840
f 841//841 844//844 842//842
f 844//844 845//845 842//842
f 842//842 845//845 843//843
f 845//845 846//846 843//843
f 844//844 847//847 845//845
f 847//847 848//848 845//845
f 845//845 848//848 846//846
f 848//848 849//849 846//846
f 847//847 850//850 848//848
f 850//850 851//851 848//848
f 848//848 851//851 849//849
f 851//851 852//852 849//849
f 850//850 853//853 851//851
f 853//853 854//854 851//851
f 851//851 854//854 852//852
f 854//854 855//855 852//852
f 853//853 856//856 854//854
f 856//856 857//857 854//854
f 854//854 857//857 855//855
f 857//857 858//858 855//855
f 856//856 859//859 857//857
f 859//859 860//860 857//857
f 857//857 860//860 858//858
f 860//860 861//861 858//858
f 859//859 862//862 860//860
f 862//862 863//863 860//860
f 860//860 863//863 861//861
f 863//863 864//864 861//861
f 862//862 865//865 863//863
f 865//865 866//866 863//863
f 863//863 866//866 864//864
f 866//866 867//867 864//864
f 865//865 868//868 866//866
f 868//868 869//869 866//866
f 866//866 869//869 867//867
f 869//869 870//870 867//867
f 868//868 871//871 869//869
f 871//871 872//872 869//869
f 869//869 872//872 870//870
f 872//872 873//873 870//870
f 871//871 874//874 872//872
f 874//874 875//875 872//872
f 872//872 875//875 873//873
f 875//875 876//876 873//873
f 874//874 877//877 875//875
f 877//877 878//878 875//875
f 875//875 878//878 876//876
f 878//878 879//879 876//876
f 877//877 880//880 878//878
f 880//880 881//881 878//878
f 878//878 881//881 879//879
f 881//881 882//882 879//879
f 880//880 883//883 881//881
f 883//883 884//884 881//881
f 881//881 884//884 882//882
f 884//884 885//885 882//882
f 883//883 886//886 884//884
f 886//886 887//887 884//884
f 884//884 887//887 885//885
f 887//887 888//888 885//885
f 886//886 889//889 887//887
f 889//889 890//890 887//887
f 887//887 890//890 888//888
f 890//890 891//891 888//888
f 889//889 892//892 890//890
f 892//892 893//893 890//890
f 890//890 893//893 891//891
f 893//893 894//894 891//891
f 892//892 895//895 893//893
f 895//895 896//896 893//893
f 893//893 896//896 894//894
f 896//896 897//897 894//894
f 895//895 898//898 896//896
f 898//898 899//899 896//896
f 896//896 899//899 897//897
f 899//899 900//900 897//897
f 898//898 901//901 899//899
f 901//901 902//902 899//899
f 899//899 902//902 900//900
f 902//902 903//903 900//900
f 901//901 904//904 902//902
f 904//904 905//905 902//902
f 902//902 905//905 903//903
f 905//905 906//906 903//903
f 904//904 907//907 905//905
f 907//907 908//908 905//905
f 905//905 908//908 906//906
f 908//908 909//909 906//906
f 907//907 910//910 908//908
f 910//910 911//911 908//908
f 908//908 911//911 909//909
f 911//911 912//912 909//909
f 910//910 913//913 911//911
f 913//913 914//914 911//911
f 911//911 914//914 912//912
f 914//914 915//915 912//912
f 913//913 916//916 914//914
f 916//916 917//917 914//914
f 914//914 917//917 915//915
f 917//917 918//918 915//915
f 916//916 919//919 917//917
f 919//919 920//920 917//917
f 917//917 920//920 918//918
f 920//920 921//921 918//918
f 919//919 922//922 920//920
f 922//922 923//923 920//920
f 920//920 923//923 921//921
f 923//923 924//924 921//921
f 922//922 925//925 923//923
f 925//925 926//926 923//923
f 923//923 926//926 924//924
f 926//926 927//927 924//924
f 925//925 928//928 926//926
f 928//928 929//929 926//926
f 926//926 929//929 927//927
f 929//929 930//930 927//927
f 928//928 931//931 929//929
f 931//931 932//932 929//929
f 929//929 932//932 930//930
f 932//932 933//933 930//930
f 931//931 934//934 932//932
f 934//934 935//935 932//932
f 932//932 935//935 933//933
f 935//935 936//936 933//933
f 934//934 937//937 935//935
f 937//937 938//938 935//935
f 935//935 938//938 936//936
f 938//938 939//939 936//936
f 937//937 940//940 938//938
f 940//940 941//941 938//938
f 938//938 941//941 939//939
f 941//941 942//942 939//939
f 940//940 943//943 941//941
f 943//943 944//944 941//941
f 941//941 944//944 942//942
f 944//944 945//945 942//942
f 943//943 946//946 944//944
f 946//946 947//947 944//944
f 944//944 947//947 945//945
f 947//947 948//948 945//945
f 946//946 949//949 947//947
f 949//949 950//950 947//947
f 947//947 950//950 948//948
f 950//950 951//951 948//948
f 949//949 952//952 950//950
f 952//952 953//953 950//950
f 950//950 953//953 951//951
f 953//953 954//954 951//951
f 952//952 955//955 953//953
f 955//955 956//956 953//953
f 953//953 956//956 954//954
f 956//956 957//957 954//954
f 955//955 958//958 956//956
f 958//958 959//959 956//956
f 956//956 959//959 957//957
f 959//959 960//960 957//957
f 958//958 961//961 959//959
f 961//961 962//962 959//959
f 959//959 962//962 960//960
f 962//962 963//963 960//960
f 961//961 964//964 962//962
f 964//964 965//965 962//962
f 962//962 965//965 963//963
f 965//965 966//966 963//963
f 964//964 967//967 965//965
f 967//967 968//968 965//965
f 965//965 968//968 966//966
f 968//968 969//969 966//966
f 967//967 970//970 968//968
f 970//970 971//971 968//968
f 968//968 971//971 969//969
f 971//971 972//972 969//969
f 970//970 973//973 971//971
f 973//973 974//974 971//971
f 971//971 974//974 972//972
f 974//974 975//975 972//972
f 973//973 976//976 974//974
f 976//976 977//977 974//974
f 974//974 977//977 975//975
f 977//977 978//978 975//975
f 976//976 979//979 977//977
f 979//979 980//980 977//977
f 977//977 980//980 978//978
f 980//980 981//981 978//978
f 979//979 982//982 980//980
f 982//982 983//983 980//980
f 980//980 983//983 981//981
f 983//983 984//984 981//981
f 982//982 985//985 983//983
f 985//985 986//986 983//983
f 983//983 986//986 984//984
f 986//986 987//987 984//984
f 985//985 988//988 986//986
f 988//988 989//989 986//986
f 986//986 989//989 987//987
f 989//989 990//990 987//987
f 988//988 991//991 989//989
f 991//991 992//992 989//989
f 989//989 992//992 990//990
f 992//992 993//993 990//990
f 991//991 994//994 992//992
f 994//994 995//995 992//992
f 992//992 995//995 993//993
f 995//995 996//996 993//993
f 994//994 997//997 995//995
f 997//997 998//998 995//995
f 995//995 998//998 996//996
f 998//998 999//999 996//996
f 997//997 1000//1000 998//998
f 1000//1000 1001//1001 998//998
f 998//998 1001//1001 999//999
f 1001//1001 1002//1002 999//999
f 1000//1000 1003//1003 1001//1001
f 1003//1003 1004//1004 1001//1001
f 1001//1001 1004//1004 1002//1002
f 1004//1004 1005//1005 1002//1002
f 1003//1003 1006//1006 1004//1004
f 1006//1006 1007//1007 1004//1004
f 1004//1004 1007//1007 1005//1005
f 1007//1007 1008//1008 1005//1005
f 1006//1006 1009//1009 1007//1007
f 1009//1009 1010//1010 1007//1007
f 1007//1007 1010//1010 1008//1008
f 1010//1010 1011//1011 1008//1008
f 1009//1009 1012//1012 1010//1010
f 1012//1012 1013//1013 1010//1010
f 1010//1010 1013//1013 1011//1011
f 1013//1013 1014//1014 1011//1011
f 1012//1012 1015//1015 1013//1013
f 1015//1015 1016//1016 1013//1013
f 1013//1013 1016//1016 1014//1014
f 1016//1016 1017//1017 1014//1014
f 1015//1015 1018//1018 1016//1016
f 1018//1018 1019//1019 1016//1016
f 1016//1016 1019//1019 1017//1017
f 1019//1019 1020//1020 1017//1017
f 1018//1018 1021//1021 1019//1019
f 1021//1021 1022//1022 1019//1019
f 1019//1019 1022//1022 1020//1020
f 1022//1022 1023//1023 1020//1020
f 1021//1021 1024//1024 1022//1022
f 1024//1024 1025//1025 1022//1022
f 1022//1022 1025//1025 1023//1023
f 1025//1025 1026//1026 1023//1023
f 1024//1024 1027//1027 1025//1025
f 1027//1027 1028//1028 1025//1025
f 1025//1025 1028//1028 1026//1026
f 1028//1028 1029//1029 1026//1026
f 1027//1027 1030//1030 1028//1028
f 1030//1030 1031//1031 1028//1028
f 1028//1028 1031//1031 1029//1029
f 1031//1031 1032//1032 1029//1029
f 1030//1030 1033//1033 1031//1031
f 1033//1033 1034//1034 1031//1031
f 1031//1031 1034//1034 1032//1032
f 1034//1034 1035//1035 1032//1032
f 1033//1033 1036//1036 1034//1034
f 1036//1036 1037//1037 1034//1034
f 1034//1034 1037//1037 1035//1035
f 1037//1037 1038//1038 1035//1035
f 1036//1036 1039//1039 1037//1037
f 1039//1039 1040//1040 1037//1037
f 1037//1037 1040//1040 1038//1038
f 1040//1040 1041//1041 1038//1038
f 1039//1039 1042//1042 1040//1040
f 1042//1042 1043//1043 1040//1040
f 1040//1040 1043//1043 1041//1041
f 1043//1043 1044//1044 1041//1041
f 1042//1042 1045//1045 1043//1043
f 1045//1045 1046//1046 1043//1043
f 1043//1043 1046//1046 1044//1044
f 1046//1046 1047//1047 1044//1044
f 1045//1045 1048//1048 1046//1046
f 1048//1048 1049//1049 1046//1046
f 1046//1046 1049//1049 1047//1047
f 1049//1049 1050//1050 1047//1047
f 1048//1048 1051//1051 1049//1049
f 1051//1051 1052//1052 1049//1049
f 1049//1049 1052//1052 1050//1050
f 1052//1052 1053//1053 1050//1050
f 1051//1051 1054//1054 1052//1052
f 1054//1054 1055//1055 1052//1052
f 1052//1052 1055//1055 1053//1053
f 1055//1055 1056//1056 1053//1053
f 1054//1054 1057//1057 1055//1055
f 1057//1057 1058//1058 1055//1055
f 1055//1055 1058//1058 1056//1056
f 1058//1058 1059//1059 1056//1056
f 1057//1057 1060//1060 1058//1058
f 1060//1060 1061//1061 1058//1058
f 1058//1058 1061//1061 1059//1059
f 1061//1061 1062//1062 1059//1059
f 1060//1060 1063//1063 1061//1061
f 1063//1063 1064//1064 1061//1061
f 1061//1061 1064//1064 1062//1062
f 1064//1064 1065//1065 1062//1062
f 1063//1063 1066//1066 1064//1064
f 1066//1066 1067//1067 1064//1064
f 1064//1064 1067//1067 1065//1065
f 1067//1067 1068//1068 1065//1065
f 1066//1066 1069//1069 1067//1067
f 1069//1069 1070//1070 1067//1067
f 1067//1067 1070//1070 1068//1068
f 1070//1070 1071//1071 1068//1068
f 1069//1069 1072//1072 1070//1070
f 1072//1072 1073//1073 1070//1070
f 1070//1070 1073//1073 1071//1071
f 1073//1073 1074//1074 1071//1071
f 1072//1072 1075//1075 1073//1073
f 1075//1075 1076//1076 1073//1073
f 1073//1073 1076//1076 1074//1074
f 1076//1076 1077//1077 1074//1074
f 1075//1075 1078//1078 1076//1076
f 1078//1078 1079//1079 1076//1076
f 1076//1076 1079//1079 1077//1077
f 1079//1079 1080//1080 1077//1077
f 1078//1078 1081//1081 1079//1079
f 1081//1081 1082//1082 1079//1079
f 1079//1079 1082//1082 1080//1080
f 1082//1082 1083//1083 1080//1080
f 1081//1081 1084//1084 1082//1082
f 1084//1084 1085//1085 1082//1082
f 1082//1082 1085//1085 1083//1083
f 1085//1085 1086//1086 1083//1083
f 1084//1084 1087//1087 1085//1085
f 1087//1087 1088//1088 1085//1085
f 1085//1085 1088//1088 1086//1086
f 1088//1088 1089//1089 1086//1086
f 1087//1087 1090//1090 1088//1088
f 1090//1090 1091//1091 1088//1088
f 1088//1088 1091//1091 1089//1089
f 1091//1091 1092//1092 1089//1089
f 1090//1090 1093//1093 1091//1091
f 1093//1093 1094//1094 1091//1091
f 1091//1091 1094//1094 1092//1092
f 1094//1094 1095//1095 1092//1092
f 1093//1093 1096//1096 1094//1094
f 1096//1096 1097//1097 1094//1094
f 1094//1094 1097//1097 1095//1095
f 1097//1097 1098//1098 1095//1095
f 1096//1096 1099//1099 1097//1097
f 1099//1099 1100//1100 1097//1097
f 1097//1097 1100//1100 1098//1098
f 1100//1100 1101//1101 1098//1098
f 1099//1099 1102//1102 1100//1100
f 1102//1102 1103//1103 1100//1100
f 1100//1100 1103//1103 1101//1101
f 1103//1103 1104//1104 1101//1101
f 1102//1102 1105//1105 1103//1103
f 1105//1105 1106//1106 1103//1103
f 1103//1103 1106//1106 1104//1104
f 1106//1106 1107//1107 1104//1104
f 1105//1105 1108//1108 1106//1106
f 1108//1108 1109//1109 1106//1106
f 1106//1106 1109//1109 1107//1107
f 1109//1109 1110//1110 1107//1107
f 1108//1108 1111//1111 1109//1109
f 1111//1111 1112//1112 1109//1109
f 1109//1109 1112//1112 1110//1110
f 1112//1112 1113//1113 1110//1110
f 1111//1111 1114//1114 1112//1112
f 1114//1114 1115//1115 1112//1112
f 1112//1112 1115//1115 1113//1113
f 1115//1115 1116//1116 1113//1113
f 1114//1114 1117//1117 1115//1115
f 1117//1117 1118//1118 1115//1115
f 1115//1115 1118//1118 1116//1116
f 1118//1118 1119//1119 1116//1116
f 1117//1117 1120//1120 1118//1118
f 1120//1120 1121//1121 1118//1118
f 1118//1118 1121//1121 1119//1119
f 1121//1121 1122//1122 1119//1119
f 1120//1120 1123//1123 1121//1121
f 1123//1123 1124//1124 1121//1121
f 1121//1121 1124//1124 1122//1122
f 1124//1124 1125//1125 1122//1122
f 1123//1123 1126//1126 1124//1124
f 1126//1126 1127//1127 1124//1124
f 1124//1124 1127//1127 1125//1125
f 1127//1127 1128//1128 1125//1125
f 1126//1126 1129//1129 1127//1127
f 1129//1129 1130//1130 1127//1127
f 1127//1127 1130//1130 1128//1128
f 1130//1130 1131//1131 1128//1128
f 1129//1129 1132//1132 1130//1130
f 1132//1132 1133//1133 1130//1130
f 1130//1130 1133//1133 1131//1131
f 1133//1133 1134//1134 1131//1131
f 1132//1132 1135//1135 1133//1133
f 1135//1135 1136//1136 1133//1133
f 1133//1133 1136//1136 1134//1134
f 1136//1136 1137//1137 1134//1134
f 1135//1135 1138//1138 1136//1136
f 1138//1138 1139//1139 1136//1136
f 1136//1136 1139//1139 1137//1137
f 1139//1139 1140//1140 1137//1137
f 1138//1138 1141//1141 1139//1139
f 1141//1141 1142//1142 1139//1139
f 1139//1139 1142//1142 1140//1140
f 1142//1142 1143//1143 1140//1140
f 1141//1141 1144//1144 1142//1142
f 1144//1144 1145//1145 1142//1142
f 1142//1142 1145//1145 1143//1143
f 1145//1145 1146//1146 1143//1143
f 1144//1144 1147//1147 1145//1145
f 1147//1147 1148//1148 1145//1145
f 1145//1145 1148//1148 1146//1146
f 1148//1148 1149//1149 1146//1146
f 1147//1147 1150//1150 1148//1148
f 1150//1150 1151//1151 1148//1148
f 1148//1148 1151//1151 1149//1149
f 1151//1151 1152//1152 1149//1149
f 1150//1150 1153//1153 1151//1151
f 1153//1153 1154//1154 1151//1151
f 1151//1151 1154//1154 1152//1152
f 1154//1154 1155//1155 1152//1152
f 1153//1153 1156//1156 1154//1154
f 1156//1156 1157//1157 1154//1154
f 1154//1154 1157//1157 1155//1155
f 1157//1157 1158//1158 1155//1155
f 1156//1156 1159//1159 1157//1157
f 1159//1159 1160//1160 1157//1157
f 1157//1157 1160//1160 1158//1158
f 1160//1160 1161//1161 1158//1158
f 1159//1159 1162//1162 1160//1160
f 1162//1162 1163//1163 1160//1160
f 1160//1160 1163//1163 1161//1161
f 1163//1163 1164//1164 1161//1161
f 1162//1162 1165//1165 1163//1163
f 1165//1165 1166//1166 1163//1163
f 1163//1163 1166//1166 1164//1164
f 1166//1166 1167//1167 1164//1164
f 1165//1165 1168//1168 1166//1166
f 1168//1168 1169//1169 1166//1166
f 1166//1166 1169//1169 1167//1167
f 1169//1169 1170//1170 1167//1167
f 1168//1168 1171//1171 1169//1169
f 1171//1171 1172//1172 1169//1169
f 1169//1169 1172//1172 1170//1170
f 1172//1172 1173//1173 1170//1170
f 1171//1171 1174//1174 1172//1172
f 1174//1174 1175//1175 1172//1172
f 1172//1172 1175//1175 1173//1173
f 1175//1175 1176//1176 1173//1173
f 1174//1174 1177//1177 1175//1175
f 1177//1177 1178//1178 1175//1175
f 1175//1175 1178//1178 1176//1176
f 1178//1178 1179//1179 1176//1176
f 1177//1177 1180//1180 1178//1178
f 1180//1180 1181//1181 1178//1178
f 1178//1178 1181//1181 1179//1179
f 1181//1181 1182//1182 1179//1179
f 1180//1180 1183//1183 1181//1181
f 1183//1183 1184//1184 1181//1181
f 1181//1181 1184//1184 1182//1182
f 1184//1184 1185//1185 1182//1182
f 1183//1183 1186//1186 1184//1184
f 1186//1186 1187//1187 1184//1184
f 1184//1184 1187//1187 1185//1185
f 1187//1187 1188//1188 1185//1185
f 1186//1186 1189//1189 1187//1187
f 1189//1189 1190//1190 1187//1187
f 1187//1187 1190//1190 1188//1188
f 1190//1190 1191//1191 1188//1188
f 1189//1189 1192//1192 1190//1190
f 1192//1192 1193//1193 1190//1190
f 1190//1190 1193//1193 1191//1191
f 1193//1193 1194//1194 1191//1191
f 1192//1192 1195//1195 1193//1193
f 1195//1195 1196//1196 1193//1193
f 1193//1193 1196//1196 1194//1194
f 1196//1196 1197//1197 1194//1194
f 1195//1195 1198//1198 1196//1196
f 1198//1198 1199//1199 1196//1196
f 1196//1196 1199//1199 1197//1197
f 1199//1199 1200//1200 1197//1197
f 1198//1198 1201//1201 1199//1199
f 1201//1201 1202//1202 1199//1199
f 1199//1199 1202//1202 1200//1200
f 1202//1202 1203//1203 1200//1200
f 1201//1201 1204//1204 1202//1202
f 1204//1204 1205//1205 1202//1202
f 1202//1202 1205//1205 1203//1203
f 1205//1205 1206//1206 1203//1203
f 1204//1204 1207//1207 1205//1205
f 1207//1207 1208//1208 1205//1205
f 1205//1205 1208//1208 1206//1206
f 1208//1208 1209//1209 1206//1206
f 1207//1207 1210//1210 1208//1208
f 1210//1210 1211//1211 1208//1208
f 1208//1208 1211//1211 1209//1209
f 1211//1211 1212//1212 1209//1209
f 1210//1210 1213//1213 1211//1211
f 1213//1213 1214//1214 1211//1211
f 1211//1211 1214//1214 1212//1212
f 1214//1214 1215//1215 1212//1212
f 1213//1213 1216//1216 1214//1214
f 1216//1216 1217//1217 1214//1214
f 1214//1214 1217//1217 1215//1215
f 1217//1217 1218//1218 1215//1215
f 1216//1216 1219//1219 1217//1217
f 1219//1219 1220//1220 1217//1217
f 1217//1217 1220//1220 1218//1218
f 1220//1220 1221//1221 1218//1218
f 1219//1219 1222//1222 1220//1220
f 1222//1222 1223//1223 1220//1220
f 1220//1220 1223//1223 1221//1221
f 1223//1223 1224//1224 1221//1221
f 1222//1222 1225//1225 1223//1223
f 1225//1225 1226//1226 1223//1223
f 1223//1223 1226//1226 1224//1224
f 1226//1226 1227//1227 1224//1224
f 1225//1225 1228//1228 1226//1226
f 1228//1228 1229//1229 1226//1226
f 1226//1226 1229//1229 1227//1227
f 1229//1229 1230//1230 1227//1227
f 1228//1228 1231//1231 1229//1229
f 1231//1231 1232//1232 1229//1229
f 1229//1229 1232//1232 1230//1230
f 1232//1232 1233//1233 1230//1230
f 1231//1231 1234//1234 1232//1232
f 1234//1234 1235//1235 1232//1232
f 1232//1232 1235//1235 1233//1233
f 1235//1235 1236//1236 1233//1233
f 1234//1234 1237//1237 1235//1235
f 1237//1237 1238//1238 1235//1235
f 1235//1235 1238//1238 1236//1236
f 1238//1238 1239//1239 1236//1236
f 1237//1237 1240//1240 1238//1238
f 1240//1240 1241//1241 1238//1238
f 1238//1238 1241//1241 1239//1239
f 1241//1241 1242//1242 1239//1239
f 1240//1240 1243//1243 1241//1241
f 1243//1243 1244//1244 1241//1241
f 1241//1241 1244//1244 1242//1242
f 1244//1244 1245//1245 1242//1242
f 1243//1243 1246//1246 1244//1244
f 1246//1246 1247//1247 1244//1244
f 1244//1244 1247//1247 1245//1245
f 1247//1247 1248//1248 1245//1245
f 1246//1246 1249//1249 1247//1247
f 1249//1249 1250//1250 1247//1247
f 1247//1247 1250//1250 1248//1248
f 1250//1250 1251//1251 1248//1248
f 1249//1249 1252//1252 1250//1250
f 1252//1252 1253//1253 1250//1250
f 1250//1250 1253//1253 1251//1251
f 1253//1253 1254//1254 1251//1251
f 1252//1252 1255//1255 1253//1253
f 1255//1255 1256//1256 1253//1253
f 1253//1253 1256//1256 1254//1254
f 1256//1256 1257//1257 1254//1254
f 1255//1255 1258//1258 1256//1256
f 1258//1258 1259//1259 1256//1256
f 1256//1256 1259//1259 1257//1257
f 1259//1259 1260//1260 1257//1257
f 1258//1258 1261//1261 1259//1259
f 1261//1261 1262//1262 1259//1259
f 1259//1259 1262//1262 1260//1260
f 1262//1262 1263//1263 1260//1260
f 1261//1261 1264//1264 1262//1262
f 1264//1264 1265//1265 1262//1262
f 1262//1262 1265//1265 1263//1263
f 1265//1265 1266//1266 1263//1263
f 1264//1264 1267//1267 1265//1265
f 1267//1267 1268//1268 1265//1265
f 1265//1265 1268//1268 1266//1266
f 1268//1268 1269//1269 1266//1266
f 1267//1267 1270//1270 1268//1268
f 1270//1270 1271//1271 1268//1268
f 1268//1268 1271//1271 1269//1269
f 1271//1271 1272//1272 1269//1269
f 1270//1270 1273//1273 1271//1271
f 1273//1273 1274//1274 1271//1271
f 1271//1271 1274//1274 1272//1272
f 1274//1274 1275//1275 1272//1272
f 1273//1273 1276//1276 1274//1274
f 1276//1276 1277//1277 1274//1274
f 1274//1274 1277//1277 1275//1275
f 1277//1277 1278//1278 1275//1275
f 1276//1276 1279//1279 1277//1277
f 1279//1279 1280//1280 1277//1277
f 1277//1277 1280//1280 1278//1278
f 1280//1280 1281//1281 1278//1278
f 1279//1279 1282//1282 1280//1280
f 1282//1282 1283//1283 1280//1280
f 1280//1280 1283//1283 1281//1281
f 1283//1283 1284//1284 1281//1281
f 1282//1282 1285//1285 1283//1283
f 1285//1285 1286//1286 1283//1283
f 1283//1283 1286//1286 1284//1284
f 1286//1286 1287//1287 1284//1284
f 1285//1285 1288//1288 1286//1286
f 1288//1288 1289//1289 1286//1286
f 1286//1286 1289//1289 1287//1287
f 1289//1289 1290//1290 1287//1287
f 1288//1288 1291//1291 1289//1289
f 1291//1291 1292//1292 1289//1289
f 1289//1289 1292//1292 1290//1290
f 1292//1292 1293//1293 1290//1290
f 1291//1291 1294//1294 1292//1292
f 1294//1294 1295//1295 1292//1292
f 1292//1292 1295//1295 1293//1293
f 1295//1295 1296//1296 1293//1293
f 1294//1294 1297//1297 1295//1295
f 1297//1297 1298//1298 1295//1295
f 1295//1295 1298//1298 1296//1296
f 1298//1298 1299//1299 1296//1296
f 1297//1297 1300//1300 1298//1298
f 1300//1300 1301//1301 1298//1298
f 1298//1298 1301//1301 1299//1299
f 1301//1301 1302//1302 1299//1299
f 1300//1300 1303//1303 1301//1301
f 1303//1303 1304//1304 1301//1301
f 1301//1301 1304//1304 1302//1302
f 1304//1304 1305//1305 1302//1302
f 1303//1303 1306//1306 1304//1304
f 1306//1306 1307//1307 1304//1304
f 1304//1304 1307//1307 1305//1305
f 1307//1307 1308//1308 1305//1305
f 1306//1306 1309//1309 1307//1307
f 1309//1309 1310//1310 1307//1307
f 1307//1307 1310//1310 1308//1308
f 1310//1310 1311//1311 1308//1308
f 1309//1309 1312//1312 1310//1310
f 1312//1312 1313//1313 1310//1310
f 1310//1310 1313//1313 1311//1311
f 1313//1313 1314//1314 1311//1311
f 1312//1312 1315//1315 1313//1313
f 1315//1315 1316//1316 1313//1313
f 1313//1313 1316//1316 1314//1314
f 1316//1316 1317//1317 1314//1314
f 1315//1315 1318//1318 1316//1316
f 1318//1318 1319//1319 1316//1316
f 1316//1316 1319//1319 1317//1317
f 1319//1319 1320//1320 1317//1317
f 1318//1318 1321//1321 1319//1319
f 1321//1321 1322//1322 1319//1319
f 1319//1319 1322//1322 1320//1320
f 1322//1322 1323//1323 1320//1320
f 1321//1321 1324//1324 1322//1322
f 1324//1324 1325//1325 1322//1322
f 1322//1322 1325//1325 1323//1323
f 1325//1325 1326//1326 1323//1323
f 1324//1324 1327//1327 1325//1325
f 1327//1327 1328//1328 1325//1325
f 1325//1325 1328//1328 1326//1326
f 1328//1328 1329//1329 1326//1326
f 1327//1327 1330//1330 1328//1328
f 1330//1330 1331//1331 1328//1328
f 1328//1328 1331//1331 1329//1329
f 1331//1331 1332//1332 1329//1329
f 1330//1330 1333//1333 1331//1331
f 1333//1333 1334//1334 1331//1331
f 1331//1331 1334//1334 1332//1332
f 1334//1334 1335//1335 1332//1332
f 1333//1333 1336//1336 1334//1334
f 1336//1336 1337//1337 1334//1334
f 1334//1334 1337//1337 1335//1335
f 1337//1337 1338//1338 1335//1335
f 1336//1336 1339//1339 1337//1337
f 1339//1339 1340//1340 1337//1337
f 1337//1337 1340//1340 1338//1338
f 1340//1340 1341//1341 1338//1338
f 1339//1339 1342//1342 1340//1340
f 1342//1342 1343//1343 1340//1340
f 1340//1340 1343//1343 1341//1341
f 1343//1343 1344//1344 1341//1341
f 1342//1342 1345//1345 1343//1343
f 1345//1345 1346//1346 1343//1343
f 1343//1343 1346//1346 1344//1344
f 1346//1346 1347//1347 1344//1344
f 1345//1345 1348//1348 1346//1346
f 1348//1348 1349//1349 1346//1346
f 1346//1346 1349//1349 1347//1347
f 1349//1349 1350//1350 1347//1347
f 1348//1348 1351//1351 1349//1349
f 1351//1351 1352//1352 1349//1349
f 1349//1349 1352//1352 1350//1350
f 1352//1352 1353//1353 1350//1350
f 1351//1351 1354//1354 1352//1352
f 1354//1354 1355//1355 1352//1352
f 1352//1352 1355//1355 1353//1353
f 1355//1355 1356//1356 1353//1353
f 1354//1354 1357//1357 1355//1355
f 1357//1357 1358//1358 1355//1355
f 1355//1355 1358//1358 1356//1356
f 1358//1358 1359//1359 1356//1356
f 1357//1357 1360//1360 1358//1358
f 1360//1360 1361//1361 1358//1358
f 1358//1358 1361//1361 1359//1359
f 1361//1361 1362//1362 1359//1359
f 1360//1360 1363//1363 1361//1361
f 1363//1363 1364//1364 1361//1361
f 1361//1361 1364//1364 1362//1362
f 1364//1364 1365//1365 1362//1362
f 1363//1363 1366//1366 1364//1364
f 1366//1366 1367//1367 1364//1364
f 1364//1364 1367//1367 1365//1365
f 1367//1367 1368//1368 1365//1365
f 1366//1366 1369//1369 1367//1367
f 1369//1369 1370//1370 1367//1367
f 1367//1367 1370//1370 1368//1368
f 1370//1370 1371//1371 1368//1368
f 1369//1369 1372//1372 1370//1370
f 1372//1372 1373//1373 1370//1370
f 1370//1370 1373//1373 1371//1371
f 1373//1373 1374//1374 1371//1371
f 1372//1372 1375//1375 1373//1373
f 1375//1375 1376//1376 1373//1373
f 1373//1373 1376//1376 1374//1374
f 1376//1376 1377//1377 1374//1374
f 1375//1375 1378//1378 1376//1376
f 1378//1378 1379//1379 1376//1376
f 1376//1376 1379//1379 1377//1377
f 1379//1379 1380//1380 1377//1377
f 1378//1378 1381//1381 1379//1379
f 1381//1381 1382//1382 1379//1379
f 1379//1379 1382//1382 1380//1380
f 1382//1382 1383//1383 1380//1380
f 1381//1381 1384//1384 1382//1382
f 1384//1384 1385//1385 1382//1382
f 1382//1382 1385//1385 1383//1383
f 1385//1385 1386//1386 1383//1383
f 1384//1384 1387//1387 1385//1385
f 1387//1387 1388//1388 1385//1385
f 1385//1385 1388//1388 1386//1386
f 1388//1388 1389//1389 1386//1386
f 1387//1387 1390//1390 1388//1388
f 1390//1390 1391//1391 1388//1388
f 1388//1388 1391//1391 1389//1389
f 1391//1391 1392//1392 1389//1389
f 1390//1390 1393//1393 1391//1391
f 1393//1393 1394//1394 1391//1391
f 1391//1391 1394//1394 1392//1392
f 1394//1394 1395//1395 1392//1392
f 1393//1393 1396//1396 1394//1394
f 1396//1396 1397//1397 1394//1394
f 1394//1394 1397//1397 1395//1395
f 1397//1397 1398//1398 1395//1395
f 1396//1396 1399//1399 1397//1397
f 1399//1399 1400//1400 1397//1397
f 1397//1397 1400//1400 1398//1398
f 1400//1400 1401//1401 1398//1398
f 1399//1399 1402//1402 1400//1400
f 1402//1402 1403//1403 1400//1400
f 1400//1400 1403//1403 1401//1401
f 1403//1403 1404//1404 1401//1401
f 1402//1402 1405//1405 1403//1403
f 1405//1405 1406//1406 1403//1403
f 1403//1403 1406//1406 1404//1404
f 1406//1406 1407//1407 1404//1404
f 1405//1405 1408//1408 1406//1406
f 1408//1408 1409//1409 1406//1406
f 1406//1406 1409//1409 1407//1407
f 1409//1409 1410//1410 1407//1407
f 1408//1408 1411//1411 1409//1409
f 1411//1411 1412//1412 1409//1409
f 1409//1409 1412//1412 1410//1410
f 1412//1412 1413//1413 1410//1410
f 1411//1411 1414//1414 1412//1412
f 1414//1414 1415//1415 1412//1412
f 1412//1412 1415//1415 1413//1413
f 1415//1415 1416//1416 1413//1413
f 1414//1414 1417//1417 1415//1415
f 1417//1417 1418//1418 1415//1415
f 1415//1415 1418//1418 1416//1416
f 1418//1418 1419//1419 1416//1416
f 1417//1417 1420//1420 1418//1418
f 1420//1420 1421//1421 1418//1418
f 1418//1418 1421//1421 1419//1419
f 1421//1421 1422//1422 1419//1419
f 1420//1420 1423//1423 1421//1421
f 1423//1423 1424//1424 1421//1421
f 1421//1421 1424//1424 1422//1422
f 1424//1424 1425//1425 1422//1422
f 1423//1423 1426//1426 1424//1424
f 1426//1426 1427//1427 1424//1424
f 1424//1424 1427//1427 1425//1425
f 1427//1427 1428//1428 1425//1425
f 1426//1426 1429//1429 1427//1427
f 1429//1429 1430//1430 1427//1427
f 1427//1427 1430//1430 1428//1428
f 1430//1430 1431//1431 1428//1428
f 1429//1429 1432//1432 1430//1430
f 1432//1432 1433//1433 1430//1430
f 1430//1430 1433//1433 1431//1431
f 1433//1433 1434//1434 1431//1431
f 1432//1432 1435//1435 1433//1433
f 1435//1435 1436//1436 1433//1433
f 1433//1433 1436//1436 1434//1434
f 1436//1436 1437//1437 1434//1434
f 1435//1435 1438//1438 1436//1436
f 1438//1438 1439//1439 1436//1436
f 1436//1436 1439//1439 1437//1437
f 1439//1439 1440//1440 1437//1437
f 1438//1438 1441//1441 1439//1439
f 1441//1441 1442//1442 1439//1439
f 1439//1439 1442//1442 1440//1440
f 1442//1442 1443//1443 1440//1440
f 1441//1441 1444//1444 1442//1442
f 1444//1444 1445//1445 1442//1442
f 1442//1442 1445//1445 1443//1443
f 1445//1445 1446//1446 1443//1443
f 1444//1444 1447//1447 1445//1445
f 1447//1447 1448//1448 1445//1445
f 1445//1445 1448//1448 1446//1446
f 1448//1448 1449//1449 1446//1446
f 1447//1447 1450//1450 1448//1448
f 1450//1450 1451//1451 1448//1448
f 1448//1448 1451//1451 1449//1449
f 1451//1451 1452//1452 1449//1449
f 1450//1450 1453//1453 1451//1451
f 1453//1453 1454//1454 1451//1451
f 1451//1451 1454//1454 1452//1452
f 1454//1454 1455//1455 1452//1452
f 1453//1453 1456//1456 1454//1454
f 1456//1456 1457//1457 1454//1454
f 1454//1454 1457//1457 1455//1455
f 1457//1457 1458//1458 1455//1455
f 1456//1456 1459//1459 1457//1457
f 1459//1459 1460//1460 1457//1457
f 1457//1457 1460//1460 1458//1458
f 1460//1460 1461//1461 1458//1458
f 1459//1459 1462//1462 1460//1460
f 1462//1462 1463//1463 1460//1460
f 1460//1460 1463//1463 1461//1461
f 1463//1463 1464//1464 1461//1461
f 1462//1462 1465//1465 1463//1463
f 1465//1465 1466//1466 1463//1463
f 1463//1463 1466//1466 1464//1464
f 1466//1466 1467//1467 1464//1464
f 1465//1465 1468//1468 1466//1466
f 1468//1468 1469//1469 1466//1466
f 1466//1466 1469//1469 1467//1467
f 1469//1469 1470//1470 1467//1467
f 1468//1468 1471//1471 1469//1469
f 1471//1471 1472//1472 1469//1469
f 1469//1469 1472//1472 1470//1470
f 1472//1472 1473//1473 1470//1470
f 1471//1471 1474//1474 1472//1472
f 1474//1474 1475//1475 1472//1472
f 1472//1472 1475//1475 1473//1473
f 1475//1475 1476//1476 1473//1473
f 1474//1474 1477//1477 1475//1475
f 1477//1477 1478//1478 1475//1475
f 1475//1475 1478//1478 1476//1476
f 1478//1478 1479//1479 1476//1476
f 1477//1477 1480//1480 1478//1478
f 1480//1480 1481//1481 1478//1478
f 1478//1478 1481//1481 1479//1479
f 1481//1481 1482//1482 1479//1479
f 1480//1480 1483//1483 1481//1481
f 1483//1483 1484//1484 1481//1481
f 1481//1481 1484//1484 1482//1482
f 1484//1484 1485//1485 1482//1482
f 1483//1483 1486//1486 1484//1484
f 1486//1486 1487//1487 1484//1484
f 1484//1484 1487//1487 1485//1485
f 1487//1487 1488//1488 1485//1485
f 1486//1486 1489//1489 1487//1487
f 1489//1489 1490//1490 1487//1487
f 1487//1487 1490//1490 1488//1488
f 1490//1490 1491//1491 1488//1488
f 1489//1489 1492//1492 1490//1490
f 1492//1492 1493//1493 1490//1490
f 1490//1490 1493//1493 1491//1491
f 1493//1493 1494//1494 1491//1491
f 1492//1492 1495//1495 1493//1493
f 1495//1495 1496//1496 1493//1493
f 1493//1493 1496//1496 1494//1494
f 1496//1496 1497//1497 1494//1494
f 1495//1495 1498//1498 1496//1496
f 1498//1498 1499//1499 1496//1496
f 1496//1496 1499//1499 1497//1497
f 1499//1499 1500//1500 1497//1497
f 1498//1498 1501//1501 1499//1499
f 1501//1501 1502//1502 1499//1499
f 1499//1499 1502//1502 1500//1500
f 1502//1502 1503//1503 1500//1500
f 1501//1501 1504//1504 1502//1502
f 1504//1504 1505//1505 1502//1502
f 1502//1502 1505//1505 1503//1503
f 1505//1505 1506//1506 1503//1503
f 1504//1504 1507//1507 1505//1505
f 1507//1507 1508//1508 1505//1505
f 1505//1505 1508//1508 1506//1506
f 1508//1508 1509//1509 1506//1506
f 1507//1507 1510//1510 1508//1508
f 1510//1510 1511//1511 1508//1508
f 1508//1508 1511//1511 1509//1509
f 1511//1511 1512//1512 1509//1509
f 1510//1510 1513//1513 1511//1511
f 1513//1513 1514//1514 1511//1511
f 1511//1511 1514//1514 1512//1512
f 1514//1514 1515//1515 1512//1512
f 1513//1513 1516//1516 1514//1514
f 1516//1516 1517//1517 1514//1514
f 1514//1514 1517//1517 1515//1515
f 1517//1517 1518//1518 1515//1515
f 1516//1516 1519//1519 1517//1517
f 1519//1519 1520//1520 1517//1517
f 1517//1517 1520//1520 1518//1518
f 1520//1520 1521//1521 1518//1518
f 1519//1519 1522//1522 1520//1520
f 1522//1522 1523//1523 1520//1520
f 1520//1520 1523//1523 1521//1521
f 1523//1523 1524//1524 1521//1521
f 1522//1522 1525//1525 1523//1523
f 1525//1525 1526//1526 1523//1523
f 1523//1523 1526//1526 1524//1524
f 1526//1526 1527//1527 1524//1524
f 1525//1525 1528//1528 1526//1526
f 1528//1528 1529//1529 1526//1526
f 1526//1526 1529//1529 1527//1527
f 1529//1529 1530//1530 1527//1527
f 1528//1528 1531//1531 1529//1529
f 1531//1531 1532//1532 1529//1529
f 1529//1529 1532//1532 1530//1530
f 1532//1532 1533//1533 1530//1530
f 1531//1531 1534//1534 1532//1532
f 1534//1534 1535//1535 1532//1532
f 1532//1532 1535//1535 1533//1533
f 1535//1535 1536//1536 1533//1533
f 1534//1534 1537//1537 1535//1535
f 1537//1537 1538//1538 1535//1535
f 1535//1535 1538//1538 1536//1536
f 1538//1538 1539//1539 1536//1536
f 1537//1537 1540//1540 1538//1538
f 1540//1540 1541//1541 1538//1538
f 1538//1538 1541//1541 1539//1539
f 1541//1541 1542//1542 1539//1539
f 1540//1540 1543//1543 1541//1541
f 1543//1543 1544//1544 1541//1541
f 1541//1541 1544//1544 1542//1542
f 1544//1544 1545//1545 1542//1542
f 1543//1543 1546//1546 1544//1544
f 1546//1546 1547//1547 1544//1544
f 1544//1544 1547//1547 1545//1545
f 1547//1547 1548//1548 1545//1545
f 1546//1546 1549//1549 1547//1547
f 1549//1549 1550//1550 1547//1547
f 1547//1547 1550//1550 1548//1548
f 1550//1550 1551//1551 1548//1548
f 1549//1549 1552//1552 1550//1550
f 1552//1552 1553//1553 1550//1550
f 1550//1550 1553//1553 1551//1551
f 1553//1553 1554//1554 1551//1551
f 1552//1552 1555//1555 1553//1553
f 1555//1555 1556//1556 1553//1553
f 1553//1553 1556//1556 1554//1554
f 1556//1556 1557//1557 1554//1554
f 1555//1555 1558//1558 1556//1556
f 1558//1558 1559//1559 1556//1556
f 1556//1556 1559//1559 1557//1557
f 1559//1559 1560//1560 1557//1557
f 1558//1558 1561//1561 1559//1559
f 1561//1561 1562//1562 1559//1559
f 1559//1559 1562//1562 1560//1560
f 1562//1562 1563//1563 1560//1560
f 1561//1561 1564//1564 1562//1562
f 1564//1564 1565//1565 1562//1562
f 1562//1562 1565//1565 1563//1563
f 1565//1565 1566//1566 1563//1563
f 1564//1564 1567//1567 1565//1565
f 1567//1567 1568//1568 1565//1565
f 1565//1565 1568//1568 1566//1566
f 1568//1568 1569//1569 1566//1566
f 1567//1567 1570//1570 1568//1568
f 1570//1570 1571//1571 1568//1568
f 1568//1568 1571//1571 1569//1569
f 1571//1571 1572//1572 1569//1569
f 1570//1570 1573//1573 1571//1571
f 1573//1573 1574//1574 1571//1571
f 1571//1571 1574//1574 1572//1572
f 1574//1574 1575//1575 1572//1572
f 1573//1573 1576//1576 1574//1574
f 1576//1576 1577//1577 1574//1574
f 1574//1574 1577//1577 1575//1575
f 1577//1577 1578//1578 1575//1575
f 1576//1576 1579//1579 1577//1577
f 1579//1579 1580//1580 1577//1577
f 1577//1577 1580//1580 1578//1578
f 1580//1580 1581//1581 1578//1578
f 1579//1579 1582//1582 1580//1580
f 1582//1582 1583//1583 1580//1580
f 1580//1580 1583//1583 1581//1581
f 1583//1583 1584//1584 1581//1581
f 1582//1582 1585//1585 1583//1583
f 1585//1585 1586//1586 1583//1583
f 1583//1583 1586//1586 1584//1584
f 1586//1586 1587//1587 1584//1584
f 1585//1585 1588//1588 1586//1586
f 1588//1588 1589//1589 1586//1586
f 1586//1586 1589//1589 1587//1587
f 1589//1589 1590//1590 1587//1587
f 1588//1588 1591//1591 1589//1589
f 1591//1591 1592//1592 1589//1589
f 1589//1589 1592//1592 1590//1590
f 1592//1592 1593//1593 1590//1590
f 1591//1591 1594//1594 1592//1592
f 1594//1594 1595//1595 1592//1592
f 1592//1592 1595//1595 1593//1593
f 1595//1595 1596//1596 1593//1593
f 1594//1594 1597//1597 1595//1595
f 1597//1597 1598//1598 1595//1595
f 1595//1595 1598//1598 1596//1596
f 1598//1598 1599//1599 1596//1596
f 1597//1597 1600//1600 1598//1598
f 1600//1600 1601//1601 1598//1598
f 1598//1598 1601//1601 1599//1599
f 1601//1601 1602//1602 1599//1599
f 1600//1600 1603//1603 1601//1601
f 1603//1603 1604//1604 1601//1601
f 1601//1601 1604//1604 1602//1602
f 1604//1604 1605//1605 1602//1602
f 1603//1603 1606//1606 1604//1604
f 1606//1606 1607//1607 1604//1604
f 1604//1604 1607//1607 1605//1605
f 1607//1607 1608//1608 1605//1605
f 1606//1606 1609//1609 1607//1607
f 1609//1609 1610//1610 1607//1607
f 1607//1607 1610//1610 1608//1608
f 1610//1610 1611//1611 1608//1608
f 1609//1609 1612//1612 1610//1610
f 1612//1612 1613//1613 1610//1610
f 1610//1610 1613//1613 1611//1611
f 1613//1613 1614//1614 1611//1611
f 1612//1612 1615//1615 1613//1613
f 1615//1615 1616//1616 1613//1613
f 1613//1613 1616//1616 1614//1614
f 1616//1616 1617//1617 1614//1614
f 1615//1615 1618//1618 1616//1616
f 1618//1618 1619//1619 1616//1616
f 1616//1616 1619//1619 1617//1617
f 1619//1619 1620//1620 1617//1617
f 1618//1618 1621//1621 1619//1619
f 1621//1621 1622//1622 1619//1619
f 1619//1619 1622//1622 1620//1620
f 1622//1622 1623//1623 1620//1620
f 1621//1621 1624//1624 1622//1622
f 1624//1624 1625//1625 1622//1622
f 1622//1622 1625//1625 1623//1623
f 1625//1625 1626//1626 1623//1623
f 1624//1624 1627//1627 1625//1625
f 1627//1627 1628//1628 1625//1625
f 1625//1625 1628//1628 1626//1626
f 1628//1628 1629//1629 1626//1626
f 1627//1627 1630//1630 1628//1628
f 1630//1630 1631//1631 1628//1628
f 1628//1628 1631//1631 1629//1629
f 1631//1631 1632//1632 1629//1629
f 1630//1630 1633//1633 1631//1631
f 1633//1633 1634//1634 1631//1631
f 1631//1631 1634//1634 1632//1632
f 1634//1634 1635//1635 1632//1632
f 1633//1633 1636//1636 1634//1634
f 1636//1636 1637//1637 1634//1634
f 1634//1634 1637//1637 1635//1635
f 1637//1637 1638//1638 1635//1635
f 1636//1636 1639//1639 1637//1637
f 1639//1639 1640//1640 1637//1637
f 1637//1637 1640//1640 1638//1638
f 1640//1640 1641//1641 1638//1638
f 1639//1639 1642//1642 1640//1640
f 1642//1642 1643//1643 1640//1640
f 1640//1640 1643//1643 1641//1641
f 1643//1643 1644//1644 1641//1641
f 1642//1642 1645//1645 1643//1643
f 1645//1645 1646//1646 1643//1643
f 1643//1643 1646//1646 1644//1644
f 1646//1646 1647//1647 1644//1644
f 1645//1645 1648//1648 1646//1646
f 1648//1648 1649//1649 1646//1646
f 1646//1646 1649//1649 1647//1647
f 1649//1649 1650//1650 1647//1647
f 1648//1648 1651//1651 1649//1649
f 1651//1651 1652//1652 1649//1649
f 1649//1649 1652//1652 1650//1650
f 1652//1652 1653//1653 1650//1650
f 1651//1651 1654//1654 1652//1652
f 1654//1654 1655//1655 1652//1652
f 1652//1652 1655//1655 1653//1653
f 1655//1655 1656//1656 1653//1653
f 1654//1654 1657//1657 1655//1655
f 1657//1657 1658//1658 1655//1655
f 1655//1655 1658//1658 1656//1656
f 1658//1658 1659//1659 1656//1656
f 1657//1657 1660//1660 1658//1658
f 1660//1660 1661//1661 1658//1658
f 1658//1658 1661//1661 1659//1659
f 1661//1661 1662//1662 1659//1659
f 1660//1660 1663//1663 1661//1661
f 1663//1663 1664//1664 1661//1661
f 1661//1661 1664//1664 1662//1662
f 1664//1664 1665//1665 1662//1662
f 1663//1663 1666//1666 1664//1664
f 1666//1666 1667//1667 1664//1664
f 1664//1664 1667//1667 1665//1665
f 1667//1667 1668//1668 1665//1665
f 1666//1666 1669//1669 1667//1667
f 1669//1669 1670//1670 1667//1667
f 1667//1667 1670//1670 1668//1668
f 1670//1670 1671//1671 1668//1668
f 1669//1669 1672//1672 1670//1670
f 1672//1672 1673//1673 1670//1670
f 1670//1670 1673//1673 1671//1671
f 1673//1673 1674//1674 1671//1671
f 1672//1672 1675//1675 1673//1673
f 1675//1675 1676//1676 1673//1673
f 1673//1673 1676//1676 1674//1674
f 1676//1676 1677//1677 1674//1674
f 1675//1675 1678//1678 1676//1676
f 1678//1678 1679//1679 1676//1676
f 1676//1676 1679//1679 1677//1677
f 1679//1679 1680//1680 1677//1677
f 1678//1678 1681//1681 1679//1679
f 1681//1681 1682//1682 1679//1679
f 1679//1679 1682//1682 1680//1680
f 1682//1682 1683//1683 1680//1680
f 1681//1681 1684//1684 1682//1682
f 1684//1684 1685//1685 1682//1682
f 1682//1682 1685//1685 1683//1683
f 1685//1685 1686//1686 1683//1683
f 1684//1684 1687//1687 1685//1685
f 1687//1687 1688//1688 1685//1685
f 1685//1685 1688//1688 1686//1686
f 1688//1688 1689//1689 1686//1686
f 1687//1687 1690//1690 1688//1688
f 1690//1690 1691//1691 1688//1688
f 1688//1688 1691//1691 1689//1689
f 1691//1691 1692//1692 1689//1689
f 1690//1690 1693//1693 1691//1691
f 1693//1693 1694//1694 1691//1691
f 1691//1691 1694//1694 1692//1692
f 1694//1694 1695//1695 1692//1692
f 1693//1693 1696//1696 1694//1694
f 1696//1696 1697//1697 1694//1694
f 1694//1694 1697//1697 1695//1695
f 1697//1697 1698//1698 1695//1695
f 1696//1696 1699//1699 1697//1697
f 1699//1699 1700//1700 1697//1697
f 1697//1697 1700//1700 1698//1698
f 1700//1700 1701//1701 1698//1698
f 1699//1699 1702//1702 1700//1700
f 1702//1702 1703//1703 1700//1700
f 1700//1700 1703//1703 1701//1701
f 1703//1703 1704//1704 1701//1701
f 1702//1702 1705//1705 1703//1703
f 1705//1705 1706//1706 1703//1703
f 1703//1703 1706//1706 1704//1704
f 1706//1706 1707//1707 1704//1704
f 1705//1705 1708//1708 1706//1706
f 1708//1708 1709//1709 1706//1706
f 1706//1706 1709//1709 1707//1707
f 1709//1709 1710//1710 1707//1707
f 1708//1708 1711//1711 1709//1709
f 1711//1711 1712//1712 1709//1709
f 1709//1709 1712//1712 1710//1710
f 1712//1712 1713//1713 1710//1710
f 1711//1711 1714//1714 1712//1712
f 1714//1714 1715//1715 1712//1712
f 1712//1712 1715//1715 1713//1713
f 1715//1715 1716//1716 1713//1713
f 1714//1714 1717//1717 1715//1715
f 1717//1717 1718//1718 1715//1715
f 1715//1715 1718//1718 1716//1716
f 1718//1718 1719//1719 1716//1716
f 1717//1717 1720//1720 1718//1718
f 1720//1720 1721//1721 1718//1718
f 1718//1718 1721//1721 1719//1719
f 1721//1721 1722//1722 1719//1719
f 1720//1720 1723//1723 1721//1721
f 1723//1723 1724//1724 1721//1721
f 1721//1721 1724//1724 1722//1722
f 1724//1724 1725//1725 1722//1722
f 1723//1723 1726//1726 1724//1724
f 1726//1726 1727//1727 1724//1724
f 1724//1724 1727//1727 1725//1725
f 1727//1727 1728//1728 1725//1725
f 1726//1726 1//1 1727//1727
f 1//1 2//2 1727//1727
f 1727//1727 2//2 1728//1728
f 2//2 3//3 1728//1728
